[debug] [2026-05-26T07:17:46.503Z] ----------------------------------------------------------------------
[debug] [2026-05-26T07:17:46.505Z] Command:       C:\Program Files\nodejs\node.exe C:\Users\win11\AppData\Roaming\npm\node_modules\firebase-tools\lib\bin\firebase.js deploy --only functions
[debug] [2026-05-26T07:17:46.505Z] CLI Version:   15.17.0
[debug] [2026-05-26T07:17:46.505Z] Platform:      win32
[debug] [2026-05-26T07:17:46.506Z] Node Version:  v24.15.0
[debug] [2026-05-26T07:17:46.506Z] Time:          Tue May 26 2026 02:17:46 GMT-0500 (Peru Standard Time)
[debug] [2026-05-26T07:17:46.506Z] ----------------------------------------------------------------------
[debug] 
[debug] [2026-05-26T07:17:49.204Z] > command requires scopes: ["email","openid","https://www.googleapis.com/auth/cloudplatformprojects.readonly","https://www.googleapis.com/auth/firebase","https://www.googleapis.com/auth/cloud-platform"]
[debug] [2026-05-26T07:17:49.204Z] > authorizing via signed-in user (gsinuiri@gmail.com)
[debug] [2026-05-26T07:17:49.204Z] [iam] checking project ayrsteel-2026 for permissions ["cloudfunctions.functions.create","cloudfunctions.functions.delete","cloudfunctions.functions.get","cloudfunctions.functions.list","cloudfunctions.functions.update","cloudfunctions.operations.get","firebase.projects.get"]
[debug] [2026-05-26T07:17:49.206Z] Checked if tokens are valid: false, expires at: 1779780298944
[debug] [2026-05-26T07:17:49.206Z] Checked if tokens are valid: false, expires at: 1779780298944
[debug] [2026-05-26T07:17:49.206Z] > refreshing access token with scopes: []
[debug] [2026-05-26T07:17:49.209Z] >>> [apiv2][query] POST https://www.googleapis.com/oauth2/v3/token [none]
[debug] [2026-05-26T07:17:49.209Z] >>> [apiv2][body] POST https://www.googleapis.com/oauth2/v3/token [omitted]
[debug] [2026-05-26T07:17:49.534Z] <<< [apiv2][status] POST https://www.googleapis.com/oauth2/v3/token 200
[debug] [2026-05-26T07:17:49.534Z] <<< [apiv2][body] POST https://www.googleapis.com/oauth2/v3/token [omitted]
[debug] [2026-05-26T07:17:49.543Z] >>> [apiv2][query] POST https://cloudresourcemanager.googleapis.com/v1/projects/ayrsteel-2026:testIamPermissions [none]
[debug] [2026-05-26T07:17:49.543Z] >>> [apiv2][(partial)header] POST https://cloudresourcemanager.googleapis.com/v1/projects/ayrsteel-2026:testIamPermissions  x-goog-user-project=ayrsteel-2026
[debug] [2026-05-26T07:17:49.543Z] >>> [apiv2][body] POST https://cloudresourcemanager.googleapis.com/v1/projects/ayrsteel-2026:testIamPermissions {"permissions":["cloudfunctions.functions.create","cloudfunctions.functions.delete","cloudfunctions.functions.get","cloudfunctions.functions.list","cloudfunctions.functions.update","cloudfunctions.operations.get","firebase.projects.get"]}
[debug] [2026-05-26T07:17:50.682Z] <<< [apiv2][status] POST https://cloudresourcemanager.googleapis.com/v1/projects/ayrsteel-2026:testIamPermissions 200
[debug] [2026-05-26T07:17:50.683Z] <<< [apiv2][body] POST https://cloudresourcemanager.googleapis.com/v1/projects/ayrsteel-2026:testIamPermissions {"permissions":["cloudfunctions.functions.create","cloudfunctions.functions.delete","cloudfunctions.functions.get","cloudfunctions.functions.list","cloudfunctions.functions.update","cloudfunctions.operations.get","firebase.projects.get"]}
[debug] [2026-05-26T07:17:50.683Z] Checked if tokens are valid: true, expires at: 1779783468534
[debug] [2026-05-26T07:17:50.683Z] Checked if tokens are valid: true, expires at: 1779783468534
[debug] [2026-05-26T07:17:50.684Z] >>> [apiv2][query] POST https://iam.googleapis.com/v1/projects/ayrsteel-2026/serviceAccounts/ayrsteel-2026@appspot.gserviceaccount.com:testIamPermissions [none]
[debug] [2026-05-26T07:17:50.684Z] >>> [apiv2][body] POST https://iam.googleapis.com/v1/projects/ayrsteel-2026/serviceAccounts/ayrsteel-2026@appspot.gserviceaccount.com:testIamPermissions {"permissions":["iam.serviceAccounts.actAs"]}
[debug] [2026-05-26T07:17:51.763Z] <<< [apiv2][status] POST https://iam.googleapis.com/v1/projects/ayrsteel-2026/serviceAccounts/ayrsteel-2026@appspot.gserviceaccount.com:testIamPermissions 404
[debug] [2026-05-26T07:17:51.763Z] <<< [apiv2][body] POST https://iam.googleapis.com/v1/projects/ayrsteel-2026/serviceAccounts/ayrsteel-2026@appspot.gserviceaccount.com:testIamPermissions {"error":{"code":404,"message":"Unknown service account","status":"NOT_FOUND"}}
[debug] [2026-05-26T07:17:51.763Z] [functions] service account IAM check errored, deploy may fail: Request to https://iam.googleapis.com/v1/projects/ayrsteel-2026/serviceAccounts/ayrsteel-2026@appspot.gserviceaccount.com:testIamPermissions had HTTP Error: 404, Unknown service account {"name":"FirebaseError","children":[],"context":{"body":{"error":{"code":404,"message":"Unknown service account","status":"NOT_FOUND"}},"response":{"statusCode":404}},"exit":1,"message":"Request to https://iam.googleapis.com/v1/projects/ayrsteel-2026/serviceAccounts/ayrsteel-2026@appspot.gserviceaccount.com:testIamPermissions had HTTP Error: 404, Unknown service account","status":404}
[info] 
[info] === Deploying to 'ayrsteel-2026'...
[info] 
[info] i  deploying functions 
[info] Running command: npm --prefix "$RESOURCE_DIR" run build
[info] +  functions: Finished running predeploy script. 
[debug] [2026-05-26T07:18:01.711Z] Checked if tokens are valid: true, expires at: 1779783468534
[debug] [2026-05-26T07:18:01.712Z] Checked if tokens are valid: true, expires at: 1779783468534
[debug] [2026-05-26T07:18:01.712Z] >>> [apiv2][query] GET https://cloudresourcemanager.googleapis.com/v1/projects/ayrsteel-2026 [none]
[debug] [2026-05-26T07:18:02.955Z] <<< [apiv2][status] GET https://cloudresourcemanager.googleapis.com/v1/projects/ayrsteel-2026 200
[debug] [2026-05-26T07:18:02.955Z] <<< [apiv2][body] GET https://cloudresourcemanager.googleapis.com/v1/projects/ayrsteel-2026 {"projectNumber":"810582164122","projectId":"ayrsteel-2026","lifecycleState":"ACTIVE","name":"ayrsteel","labels":{"firebase":"enabled","firebase-core":"disabled"},"createTime":"2025-12-31T05:58:22.105619Z"}
[info] i  functions: preparing codebase default for deployment 
[info] i  functions: ensuring required API cloudfunctions.googleapis.com is enabled... 
[debug] [2026-05-26T07:18:02.957Z] Checked if tokens are valid: true, expires at: 1779783468534
[debug] [2026-05-26T07:18:02.958Z] Checked if tokens are valid: true, expires at: 1779783468534
[debug] [2026-05-26T07:18:02.958Z] Checked if tokens are valid: true, expires at: 1779783468534
[debug] [2026-05-26T07:18:02.958Z] Checked if tokens are valid: true, expires at: 1779783468534
[info] i  functions: ensuring required API cloudbuild.googleapis.com is enabled... 
[debug] [2026-05-26T07:18:02.959Z] Checked if tokens are valid: true, expires at: 1779783468534
[debug] [2026-05-26T07:18:02.959Z] Checked if tokens are valid: true, expires at: 1779783468534
[info] i  artifactregistry: ensuring required API artifactregistry.googleapis.com is enabled... 
[debug] [2026-05-26T07:18:02.960Z] Checked if tokens are valid: true, expires at: 1779783468534
[debug] [2026-05-26T07:18:02.960Z] Checked if tokens are valid: true, expires at: 1779783468534
[debug] [2026-05-26T07:18:02.960Z] >>> [apiv2][query] GET https://serviceusage.googleapis.com/v1/projects/ayrsteel-2026/services/cloudfunctions.googleapis.com [none]
[debug] [2026-05-26T07:18:02.960Z] >>> [apiv2][(partial)header] GET https://serviceusage.googleapis.com/v1/projects/ayrsteel-2026/services/cloudfunctions.googleapis.com  x-goog-user-project=ayrsteel-2026
[debug] [2026-05-26T07:18:02.961Z] >>> [apiv2][query] GET https://serviceusage.googleapis.com/v1/projects/ayrsteel-2026/services/runtimeconfig.googleapis.com [none]
[debug] [2026-05-26T07:18:02.961Z] >>> [apiv2][(partial)header] GET https://serviceusage.googleapis.com/v1/projects/ayrsteel-2026/services/runtimeconfig.googleapis.com  x-goog-user-project=ayrsteel-2026
[debug] [2026-05-26T07:18:02.962Z] >>> [apiv2][query] GET https://serviceusage.googleapis.com/v1/projects/ayrsteel-2026/services/cloudbuild.googleapis.com [none]
[debug] [2026-05-26T07:18:02.963Z] >>> [apiv2][(partial)header] GET https://serviceusage.googleapis.com/v1/projects/ayrsteel-2026/services/cloudbuild.googleapis.com  x-goog-user-project=ayrsteel-2026
[debug] [2026-05-26T07:18:02.964Z] >>> [apiv2][query] GET https://serviceusage.googleapis.com/v1/projects/ayrsteel-2026/services/artifactregistry.googleapis.com [none]
[debug] [2026-05-26T07:18:02.964Z] >>> [apiv2][(partial)header] GET https://serviceusage.googleapis.com/v1/projects/ayrsteel-2026/services/artifactregistry.googleapis.com  x-goog-user-project=ayrsteel-2026
[debug] [2026-05-26T07:18:04.296Z] <<< [apiv2][status] GET https://serviceusage.googleapis.com/v1/projects/ayrsteel-2026/services/cloudfunctions.googleapis.com 200
[debug] [2026-05-26T07:18:04.296Z] <<< [apiv2][body] GET https://serviceusage.googleapis.com/v1/projects/ayrsteel-2026/services/cloudfunctions.googleapis.com [omitted]
[info] +  functions: required API cloudfunctions.googleapis.com is enabled 
[debug] [2026-05-26T07:18:04.341Z] <<< [apiv2][status] GET https://serviceusage.googleapis.com/v1/projects/ayrsteel-2026/services/cloudbuild.googleapis.com 200
[debug] [2026-05-26T07:18:04.341Z] <<< [apiv2][body] GET https://serviceusage.googleapis.com/v1/projects/ayrsteel-2026/services/cloudbuild.googleapis.com [omitted]
[info] +  functions: required API cloudbuild.googleapis.com is enabled 
[debug] [2026-05-26T07:18:04.547Z] <<< [apiv2][status] GET https://serviceusage.googleapis.com/v1/projects/ayrsteel-2026/services/runtimeconfig.googleapis.com 200
[debug] [2026-05-26T07:18:04.548Z] <<< [apiv2][body] GET https://serviceusage.googleapis.com/v1/projects/ayrsteel-2026/services/runtimeconfig.googleapis.com [omitted]
[debug] [2026-05-26T07:18:04.569Z] <<< [apiv2][status] GET https://serviceusage.googleapis.com/v1/projects/ayrsteel-2026/services/artifactregistry.googleapis.com 200
[debug] [2026-05-26T07:18:04.569Z] <<< [apiv2][body] GET https://serviceusage.googleapis.com/v1/projects/ayrsteel-2026/services/artifactregistry.googleapis.com [omitted]
[info] +  artifactregistry: required API artifactregistry.googleapis.com is enabled 
[debug] [2026-05-26T07:18:04.574Z] Checked if tokens are valid: true, expires at: 1779783468534
[debug] [2026-05-26T07:18:04.574Z] Checked if tokens are valid: true, expires at: 1779783468534
[debug] [2026-05-26T07:18:04.575Z] >>> [apiv2][query] GET https://firebase.googleapis.com/v1beta1/projects/ayrsteel-2026/adminSdkConfig [none]
[debug] [2026-05-26T07:18:05.164Z] <<< [apiv2][status] GET https://firebase.googleapis.com/v1beta1/projects/ayrsteel-2026/adminSdkConfig 200
[debug] [2026-05-26T07:18:05.164Z] <<< [apiv2][body] GET https://firebase.googleapis.com/v1beta1/projects/ayrsteel-2026/adminSdkConfig {"projectId":"ayrsteel-2026","storageBucket":"ayrsteel-2026.firebasestorage.app"}
[debug] [2026-05-26T07:18:05.167Z] Validating nodejs source
[warn] !  functions: package.json indicates an outdated version of firebase-functions. Please upgrade using npm install --save firebase-functions@latest in your functions directory. 
[debug] [2026-05-26T07:18:06.846Z] > [functions] package.json contents: {
  "name": "functions",
  "scripts": {
    "lint": "eslint .",
    "lint:fix": "eslint . --fix",
    "build": "tsc",
    "build:watch": "tsc --watch",
    "serve": "npm run build && firebase emulators:start --only functions",
    "shell": "npm run build && firebase functions:shell",
    "start": "npm run shell",
    "deploy": "firebase deploy --only functions",
    "logs": "firebase functions:log"
  },
  "engines": {
    "node": "24"
  },
  "main": "lib/index.js",
  "dependencies": {
    "firebase-admin": "^13.6.0",
    "firebase-functions": "^7.0.0"
  },
  "devDependencies": {
    "@typescript-eslint/eslint-plugin": "^5.12.0",
    "@typescript-eslint/parser": "^5.12.0",
    "eslint": "^8.9.0",
    "eslint-config-google": "^0.14.0",
    "eslint-plugin-import": "^2.25.4",
    "firebase-functions-test": "^3.4.1",
    "typescript": "^5.7.3"
  },
  "private": true
}
[debug] [2026-05-26T07:18:06.846Z] Building nodejs source
[info] i  functions: Loading and analyzing source code for codebase default to determine what to deploy 
[debug] [2026-05-26T07:18:06.848Z] Could not find functions.yaml. Must use http discovery
[debug] [2026-05-26T07:18:06.861Z] Found firebase-functions binary at 'C:\Users\win11\Documents\workspace\ayr\frontend-ayr-nextjs\functions\node_modules\.bin\firebase-functions'
[info] Serving at port 8098

[debug] [2026-05-26T07:18:08.588Z] Got response from /__/functions.yaml {"endpoints":{"getNextSaleNumber":{"availableMemoryMb":null,"timeoutSeconds":null,"minInstances":null,"maxInstances":10,"ingressSettings":null,"concurrency":null,"serviceAccountEmail":null,"vpc":null,"platform":"gcfv2","labels":{},"callableTrigger":{},"entryPoint":"getNextSaleNumber"},"onSaleCreated":{"availableMemoryMb":null,"timeoutSeconds":null,"minInstances":null,"maxInstances":10,"ingressSettings":null,"concurrency":null,"serviceAccountEmail":null,"vpc":null,"platform":"gcfv2","labels":{},"eventTrigger":{"eventType":"google.cloud.firestore.document.v1.created","eventFilters":{"database":"(default)","namespace":"(default)"},"eventFilterPathPatterns":{"document":"sales/{saleId}"},"retry":false},"entryPoint":"onSaleCreated"}},"specVersion":"v1alpha1","requiredAPIs":[],"extensions":{}}
[info] i  extensions: ensuring required API firebaseextensions.googleapis.com is enabled... 
[debug] [2026-05-26T07:18:12.648Z] Checked if tokens are valid: true, expires at: 1779783468534
[debug] [2026-05-26T07:18:12.648Z] Checked if tokens are valid: true, expires at: 1779783468534
[debug] [2026-05-26T07:18:12.648Z] >>> [apiv2][query] GET https://serviceusage.googleapis.com/v1/projects/ayrsteel-2026/services/firebaseextensions.googleapis.com [none]
[debug] [2026-05-26T07:18:12.648Z] >>> [apiv2][(partial)header] GET https://serviceusage.googleapis.com/v1/projects/ayrsteel-2026/services/firebaseextensions.googleapis.com  x-goog-user-project=ayrsteel-2026
[debug] [2026-05-26T07:18:14.167Z] <<< [apiv2][status] GET https://serviceusage.googleapis.com/v1/projects/ayrsteel-2026/services/firebaseextensions.googleapis.com 200
[debug] [2026-05-26T07:18:14.168Z] <<< [apiv2][body] GET https://serviceusage.googleapis.com/v1/projects/ayrsteel-2026/services/firebaseextensions.googleapis.com [omitted]
[info] +  extensions: required API firebaseextensions.googleapis.com is enabled 
[debug] [2026-05-26T07:18:14.172Z] > command requires scopes: ["email","openid","https://www.googleapis.com/auth/cloudplatformprojects.readonly","https://www.googleapis.com/auth/firebase","https://www.googleapis.com/auth/cloud-platform"]
[debug] [2026-05-26T07:18:14.172Z] > authorizing via signed-in user (gsinuiri@gmail.com)
[debug] [2026-05-26T07:18:14.172Z] [iam] checking project ayrsteel-2026 for permissions ["firebase.projects.get","firebaseextensions.instances.list"]
[debug] [2026-05-26T07:18:14.173Z] Checked if tokens are valid: true, expires at: 1779783468534
[debug] [2026-05-26T07:18:14.173Z] Checked if tokens are valid: true, expires at: 1779783468534
[debug] [2026-05-26T07:18:14.173Z] >>> [apiv2][query] POST https://cloudresourcemanager.googleapis.com/v1/projects/ayrsteel-2026:testIamPermissions [none]
[debug] [2026-05-26T07:18:14.173Z] >>> [apiv2][(partial)header] POST https://cloudresourcemanager.googleapis.com/v1/projects/ayrsteel-2026:testIamPermissions  x-goog-user-project=ayrsteel-2026
[debug] [2026-05-26T07:18:14.173Z] >>> [apiv2][body] POST https://cloudresourcemanager.googleapis.com/v1/projects/ayrsteel-2026:testIamPermissions {"permissions":["firebase.projects.get","firebaseextensions.instances.list"]}
[debug] [2026-05-26T07:18:15.383Z] <<< [apiv2][status] POST https://cloudresourcemanager.googleapis.com/v1/projects/ayrsteel-2026:testIamPermissions 200
[debug] [2026-05-26T07:18:15.383Z] <<< [apiv2][body] POST https://cloudresourcemanager.googleapis.com/v1/projects/ayrsteel-2026:testIamPermissions {"permissions":["firebase.projects.get","firebaseextensions.instances.list"]}
[debug] [2026-05-26T07:18:15.384Z] Checked if tokens are valid: true, expires at: 1779783468534
[debug] [2026-05-26T07:18:15.384Z] Checked if tokens are valid: true, expires at: 1779783468534
[debug] [2026-05-26T07:18:15.384Z] >>> [apiv2][query] GET https://firebaseextensions.googleapis.com/v1beta/projects/ayrsteel-2026/instances pageSize=100&pageToken=
[debug] [2026-05-26T07:18:16.759Z] <<< [apiv2][status] GET https://firebaseextensions.googleapis.com/v1beta/projects/ayrsteel-2026/instances 200
[debug] [2026-05-26T07:18:16.760Z] <<< [apiv2][body] GET https://firebaseextensions.googleapis.com/v1beta/projects/ayrsteel-2026/instances {"instances":[{"name":"projects/ayrsteel-2026/instances/firestore-algolia-search","createTime":"2026-03-19T22:28:34.862392Z","updateTime":"2026-03-19T23:08:28.555906Z","state":"ACTIVE","config":{"name":"projects/ayrsteel-2026/instances/firestore-algolia-search/configurations/97f90d17-041c-4524-9c1c-4c1903cf9661","createTime":"2026-03-19T23:03:41.968812Z","source":{"name":"projects/algolia-b2ebc/sources/f2a0dfae-c9fe-4d81-9270-e2ab97341336","packageUri":"https://storage.googleapis.com/firebase-extensions-packages-prod/algolia-firestore-algolia-search-1.2.10-ad77104c-e1df-4d73-9be7-e56937a83bea.zip","hash":"bf3bebef836a4d00847d8766756acb75d2dff6b3b089488bd6c90ac03c38ff57","extensionRoot":"/","spec":{"specVersion":"v1beta","name":"firestore-algolia-search","version":"1.2.10","description":"Enables full text search of your Cloud Firestore data with Algolia.","roles":[{"role":"datastore.user","reason":"Allows this extension to access Cloud Firestore to read."}],"resources":[{"name":"executeIndexOperation","type":"firebaseextensions.v1beta.function","propertiesYaml":"eventTrigger:\n  eventType: providers/cloud.firestore/eventTypes/document.write\n  resource: projects/${PROJECT_ID}/databases/${DATABASE_ID}/documents/${COLLECTION_PATH}/{documentID}\nlocation: ${LOCATION}\nruntime: nodejs20\n","description":"Firestore document-triggered function that creates, updates, or deletes data in Algolia.","deletionPolicy":"DELETE"},{"name":"executeFullIndexOperation","type":"firebaseextensions.v1beta.function","propertiesYaml":"availableMemoryMb: 1024\nlocation: ${param:LOCATION}\nruntime: nodejs20\ntaskQueueTrigger: {}\ntimeout: 540s\n","description":"Loads all the data from your FireStore database into Algolia","deletionPolicy":"DELETE"}],"billingRequired":true,"author":{"authorName":"Algolia","url":"https://algolia.com"},"contributors":[{"authorName":"Sajid Momin","email":"sajid.momin@algolia.com","url":"https://github.com/smomin"}],"license":"Apache-2.0","sourceUrl":"https://github.com/algolia/firestore-algolia-search/tree/main","params":[{"param":"DATABASE_ID","label":"Database ID","type":"STRING","description":"Enter database that contains the collections that you want to monitor?\n","required":true,"default":"(default)","example":"test","immutable":true},{"param":"COLLECTION_PATH","label":"Collection Path","type":"STRING","description":"What is the path to the Cloud Firestore collection where the extension should monitor for changes?\n","required":true,"example":"store","validationRegex":"^[^/]+(/[^/]+/[^/]+)*$","validationErrorMessage":"Firestore collection paths must be an odd number of segments separated by slashes, e.g. \"movies/{id}/actors\".","immutable":true},{"param":"FIELDS","label":"Indexable Fields","type":"STRING","description":"This can be a comma separated list or left blank to index all fields. For performance reasons, [record size is limited](https://www.algolia.com/doc/guides/sending-and-managing-data/prepare-your-data/in-depth/index-and-records-size-and-usage-limitations/#record-size-limits). If you're receiving errors that your records are too large, refer to the [reducing record size documentation](https://www.algolia.com/doc/guides/sending-and-managing-data/prepare-your-data/how-to/reducing-object-size/).\n","example":"name,category,price,sales"},{"param":"FORCE_DATA_SYNC","label":"Force Data Sync","type":"SELECT","description":"The extension uses approaches to mitigate race conditions but it might not be a 100% fool proof.  This setting will make sure the function is using the latest data from Firestore by making another read call before processing and sending to Algolia.  note: This will be a add to your usage of Firestore.","options":[{"value":"no","label":"No"},{"value":"yes","label":"Yes"}],"default":"no"},{"param":"ALGOLIA_INDEX_NAME","label":"Algolia Index Name","type":"STRING","description":"This is the name of the [Algolia index](https://www.algolia.com/doc/faq/basics/what-is-an-index/) where the records will be persisted. Refer to [naming your index](https://www.algolia.com/doc/guides/sending-and-managing-data/send-and-update-your-data/#naming-your-index) for more information.","required":true},{"param":"ALGOLIA_APP_ID","label":"Algolia Application Id","type":"STRING","description":"This is the Algolia application you want to index your data to. You can find your credentials including application ID on your Algolia dashboard, under the [API keys tab](https://www.algolia.com/api-keys).","required":true},{"param":"ALGOLIA_API_KEY","label":"Algolia API Key","type":"SECRET","description":"We recommend [creating a new API key](https://www.algolia.com/doc/guides/security/api-keys/#creating-and-managing-api-keys) with \"addObject\", \"deleteObject\", \"listIndexes\", \"deleteIndex\", \"editSettings\", and \"settings\" permissions. **Do not use the Admin API key**.","required":true},{"param":"ALT_OBJECT_ID","label":"Alternative Object Id","type":"STRING","description":"Specify an alternative Firestore document property to use for the Algolia record Id.  Use `(path)` if the document path is desired as the Algolia ObjectID.  The default is the Firestore document Id. **If you set this property, make sure to clear out the Algolia Index since the ObjectID will be different resulting in duplicate records.**"},{"param":"TRANSFORM_FUNCTION","label":"Transform Function Name (Experimental)","type":"STRING","description":"Specify a Firebase Cloud Function for any data transformation before saving into Algolia. Refer to [Call functions for your app](https://firebase.google.com/docs/functions/callable)."},{"param":"DO_FULL_INDEXING","label":"Full Index existing documents?","type":"SELECT","description":"Should existing documents in the Firestore collection be indexed as well?\n","required":true,"options":[{"value":"true","label":"Yes"},{"value":"false","label":"No"}]},{"param":"LOCATION","label":"Cloud Functions location","type":"SELECT","description":"Where do you want to deploy the functions created for this extension? You usually want a location close to your database. For help selecting a location, refer to the [location selection guide](https://firebase.google.com/docs/functions/locations).","required":true,"options":[{"value":"us-central1","label":"Iowa (us-central1)"},{"value":"us-east1","label":"South Carolina (us-east1)"},{"value":"us-east4","label":"Northern Virginia (us-east4)"},{"value":"us-west2","label":"Los Angeles (us-west2)"},{"value":"us-west3","label":"Salt Lake City (us-west3)"},{"value":"us-west4","label":"Las Vegas (us-west4)"},{"value":"europe-central2","label":"Warsaw (europe-central2)"},{"value":"europe-west1","label":"Belgium (europe-west1)"},{"value":"europe-west2","label":"London (europe-west2)"},{"value":"europe-west3","label":"Frankfurt (europe-west3)"},{"value":"europe-west6","label":"Zurich (europe-west6)"},{"value":"asia-east2","label":"Hong Kong (asia-east2)"},{"value":"asia-northeast1","label":"Tokyo (asia-northeast1)"},{"value":"asia-northeast2","label":"Osaka (asia-northeast2)"},{"value":"asia-northeast3","label":"Seoul (asia-northeast3)"},{"value":"asia-south1","label":"Mumbai (asia-south1)"},{"value":"asia-southeast2","label":"Jakarta (asia-southeast2)"},{"value":"northamerica-northeast1","label":"Montreal (northamerica-northeast1)"},{"value":"southamerica-east1","label":"Sao Paulo (southamerica-east1)"},{"value":"australia-southeast1","label":"Sydney (australia-southeast1)"}],"immutable":true}],"preinstallContent":"Use this extension to index your Cloud Firestore data to Algolia and keep it synced.  The extension is applied and configured on a Firestore [collection](https://firebase.google.com/docs/firestore/data-model#collections).\n\nThis extension listens for changes on the specified collection. If you add a [document](https://firebase.google.com/docs/firestore/data-model#documents), the extension indexes it as a [record in Algolia](https://www.algolia.com/doc/faq/basics/what-is-a-record/). The extension only indexes the fields defined in the extension configuration and uses the [document Id](https://firebase.google.com/docs/firestore/manage-data/add-data#add_a_document) as the Algolia [object Id](https://www.algolia.com/doc/guides/sending-and-managing-data/send-and-update-your-data/#using-unique-object-identifiers).\n\nAnytime you update a document, the extension propagates the update to the corresponding Algolia record. If you delete a document, the extension removes the corresponding Algolia record.\n\n#### Important\n\nUpon installation or when the extension's configuration is changed, the documents in the specified collection will be synced to Algolia.\n\n#### Additional setup\n\nBefore installing this extension, make sure that you've\n[set up a Cloud Firestore database](https://firebase.google.com/docs/firestore/quickstart)\nin your Firebase project.\n\nYou must also have an Algolia account set up before installing this\nextension. You can do so on the [Algolia](https://www.algolia.com/) site.\n\n#### Billing\n\nThis extension uses the following Firebase services which may have associated charges:\n\n- Cloud Firestore\n- Cloud Functions\n\nThis extension also uses the following third-party services:\n\n- Algolia ([pricing information](https://www.algolia.com/pricing))\n\nYou are responsible for any costs associated with your use of these services.\n\n#### Note from Firebase\n\nTo install this extension, your Firebase project must be on the Blaze (pay-as-you-go) plan. You will only be charged for the resources you use. Most Firebase services offer a free tier for low-volume use. [Learn more about Firebase billing.](https://firebase.google.com/pricing)\n\nYou will be billed a small amount (typically less than $0.10) when you install or reconfigure this extension. See Cloud Functions under [Firebase Pricing](https://firebase.google.com/pricing) for a detailed explanation.\n","postinstallContent":"### See it in action\n\nYou can test out this extension right away:\n\n1.  Go to the [Cloud Firestore tab](https://console.firebase.google.com/project/${param:PROJECT_ID}/database/firestore/data).\n\n1.  If it doesn't exist already, create a collection called `${param:COLLECTION_PATH}`.\n\n1.  Create, update, or delete a document in the `${param:COLLECTION_PATH}` collection.  Go to Algolia's dashboard and verify in Algolia that a record is created, updated, or deleted in the `${param:ALGOLIA_INDEX_NAME}` index for application id `${param:ALGOLIA_APP_ID}`.\n\n### Collection import\n\nIf the collection named `${param:COLLECTION_PATH}` exists, the extension has begun importing documents into the `${param:ALGOLIA_INDEX_NAME}` Algolia Index. Additionally, a full reindex will occur each time the extension's configuration changes.\n\nA `lastmodified` attribute is added to Algolia records to eliminate race condition issues related from the Cloud Function cold start.\n\n### Using the extension\n\nThis extension listens to the Cloud Firestore collection `${param:COLLECTION_PATH}`. If you create, update, or delete a document within that collection, this extension will:\n\n- Indexes the document and send all the fields or configured fields defined in the extension.\n- or, removes the record from Algolia index if the document is deleted.\n\n### Monitoring\n\nAs a best practice, you can [monitor the activity](https://firebase.google.com/docs/extensions/manage-installed-extensions#monitor) of your installed extension, including checks on its health, usage, and logs.\n","readmeContent":"# Search Firestore with Algolia\n\n**Author**: Algolia (**[https://www.algolia.com](https://www.algolia.com)**)\n\n**Description**: Enable full text search of your Cloud Firestore data with Algolia.\n\n**Details**: Use this extension to index your Cloud Firestore data to [Algolia](https://www.algolia.com/doc/) and keep it synced.\n\nYou can then [configure your relevance](/doc/guides/getting-started/how-algolia-works/in-depth/implementation-process/#configuring-relevance) using the [Algolia dashboard](https://www.algolia.com/dashboard) or [API clients](/doc/api-client/getting-started/install/javascript/). From there, you can use Algolia's [front-end libraries](/doc/guides/building-search-ui/what-is-instantsearch/js/) to incorporate search components into your Firebase app's UI.\n\n---\n\nWe welcome [bug reports and feature requests](https://github.com/algolia/firestore-algolia-search/issues/new) as well as pull requests in this GitHub repository.\n\n### Firebase CLI\n\n```bash\nfirebase ext:install algolia/firestore-algolia-search --project=<your-project-id>\n```\n\n> Learn more about installing extensions in the Firebase Extensions documentation: [console](https://firebase.google.com/docs/extensions/install-extensions?platform=console), [CLI](https://firebase.google.com/docs/extensions/install-extensions?platform=cli)\n\n---\n\n#### Details\n\nUse this extension to index your Cloud Firestore data to Algolia and keep it synced.  The extension is applied and configured on a Firestore [collection](https://firebase.google.com/docs/firestore/data-model#collections) or [subcollection](https://firebase.google.com/docs/firestore/data-model#subcollections).\n\nThis extension listens for changes on the specified collection. If you add a [document](https://firebase.google.com/docs/firestore/data-model#documents), the extension indexes it as a [record in Algolia](https://www.algolia.com/doc/faq/basics/what-is-a-record/). The extension only indexes the fields defined in the extension configuration and uses the [document Id](https://firebase.google.com/docs/firestore/manage-data/add-data#add_a_document) as the Algolia [object Id](https://www.algolia.com/doc/guides/sending-and-managing-data/send-and-update-your-data/#using-unique-object-identifiers).\n\nAnytime you update a document, the extension propagates the update to the corresponding Algolia record. If you delete a document, the extension removes the corresponding Algolia record.\n\n#### Additional setup\n\nBefore installing this extension, make sure that you've set up:\n- [Cloud Firestore database](https://firebase.google.com/docs/firestore/quickstart) in your Firebase project.\n- [Algolia](https://www.algolia.com/) account.\n\n\n#### Billing\n\nThis extension uses the following Firebase services which may have associated charges:\n\n- Cloud Firestore\n- Cloud Functions\n\nThis extension also uses the following third-party services:\n\n- Algolia ([pricing information](https://www.algolia.com/pricing))\n\nYou are responsible for any costs associated with your use of these services.\n\n#### Note from Firebase\n\nTo install this extension, your Firebase project must be on the Blaze (pay-as-you-go) plan. You will only be charged for the resources you use. Most Firebase services offer a free tier for low-volume use. [Learn more about Firebase billing.](https://firebase.google.com/pricing)\n\nYou will be billed a small amount (typically less than $0.10) when you install or reconfigure this extension. See Cloud Functions under [Firebase Pricing](https://firebase.google.com/pricing) for a detailed explanation.\n\n#### Configuration Parameters\n\nCloud Functions Location: Where do you want to deploy the functions created for this extension?\n  You usually want a location close to your database.\n  For help selecting a location, refer to the\n  [location selection guide](https://firebase.google.com/docs/functions/locations).\n- Database Id: Enter the database id that contains the collection(s) that you want to monitor?\n  Firebase supports [multiple databases](https://cloud.google.com/blog/products/databases/manage-multiple-firestore-databases-in-a-project) in a project.  In order to use a non default database, enter the database Id.\n\n- Collection Path: What is the path to the Cloud Firestore collection where the extension should monitor for changes?\n  For subcollection, the syntax is `parent_collection/{parentId}/target_collection`. (please note, there is not depublication process on subcollections).\n\n- Fields: What document fields should be indexed to provide the best search experience? For more information on which fields to index to Algolia, see the [Algolia documentation on records](https://www.algolia.com/doc/guides/sending-and-managing-data/prepare-your-data/#algolia-records).\n  This can be a comma separated list or left blank to index all fields.\n  For performance reasons, [record size is limited](https://www.algolia.com/doc/guides/sending-and-managing-data/prepare-your-data/in-depth/index-and-records-size-and-usage-limitations/#record-size-limits).\n  If you're receiving errors that your records are too large, refer to the [reducing record size documentation](https://www.algolia.com/doc/guides/sending-and-managing-data/prepare-your-data/how-to/reducing-object-size/).\n\n- Force Data Sync: Are you facing data inconsistent issues possibly due to race conditions?\n  This setting will make sure the function is using the latest data from Firestore by making another read call before processing and sending to Algolia.\n\n- Algolia Application ID: What is the Algolia Application Id?\n  This is the Algolia application you want to index your data to.\n  You can find your credentials including application ID on your Algolia dashboard,\n  under the [API keys tab](https://www.algolia.com/api-keys).\n\n- Algolia API Key: What is your Algolia API key?\n  We recommend [creating a new API key](https://www.algolia.com/doc/guides/security/api-keys/#creating-and-managing-api-keys)\n  with \"addObject\", \"deleteObject\", \"listIndexes\", \"deleteIndex\", \"editSettings\", and \"settings\" permissions.\n  **Do not use the Admin API key**.\n\n- Algolia Index Name: What is the Algolia index name?\n  This is the name of the [Algolia index](https://www.algolia.com/doc/faq/basics/what-is-an-index/)\n  where the records will be persisted.\n  Refer to [naming your index](https://www.algolia.com/doc/guides/sending-and-managing-data/send-and-update-your-data/#naming-your-index) for more information.\n\n- Alternative Object Id: Are you looking to use another Firestore document property or document path as the Algolia ObjectID?\n  Specify an alternative Firestore document property to use for the Algolia record Id.  Use `(path)` if the document path is desired as the Algolia ObjectID.  The default is the Firestore document Id.\n  **If you set this property, make sure to clear out the Algolia Index since the ObjectID will be different resulting in duplicate records.**\n\n- Transform Function Name (experimental): What is the Firebase Cloud Function Name?\n  This is the name of the Firestore Cloud Function for transforming the data before transmitting to Algolia for indexing.\n  This function should be deployed to the same Firebase Project and Location as the Firestore/Algolia extension.\n  Refer to [Call functions for your app](https://firebase.google.com/docs/functions/callable).\n  Below is an example of a Transform function used for my testing:\n  ```javascript\n    import * as functions from \"firebase-functions\";\n\n    const doStuffToData = (payload: any) => {\n      return {\n      ...payload,\n      \"hello\": \"world\",\n      };\n    };\n\n    export const helloWorld = functions.https.onCall((payload) => {\n      const transformedData = doStuffToData(payload);\n      return transformedData;\n    });\n  ```\n  **Note**: The Transform Firebase Function should be set up to unauthenticated users at this time.\n\n#### Cloud Functions\n\n- **executeIndexOperation:** Firestore document-triggered function that creates, updates, or deletes data in Algolia.\n","externalServices":[{"name":"Algolia","pricingUri":"https://algolia.com/pricing"}],"lifecycleEvents":[{"stage":"ON_INSTALL","processingMessage":"Indexing existing documents in ${COLLECTION_PATH}","taskQueueTriggerFunction":"executeFullIndexOperation"},{"stage":"ON_UPDATE","processingMessage":"Indexing existing documents in ${COLLECTION_PATH}","taskQueueTriggerFunction":"executeFullIndexOperation"},{"stage":"ON_CONFIGURE","processingMessage":"Indexing existing documents in ${COLLECTION_PATH}","taskQueueTriggerFunction":"executeFullIndexOperation"}],"displayName":"Search Firestore with Algolia","tags":["ai","search","semantic-search","vector-search","text-search"]},"fetchTime":"2025-05-16T17:02:12.063897Z","lastOperationName":"projects/algolia-b2ebc/operations/87e61176-16d6-4819-93cf-10e09387bdcb","state":"ACTIVE"},"params":{"FORCE_DATA_SYNC":"yes","ALGOLIA_APP_ID":"AJ7782YU4W","COLLECTION_PATH":"coils","ALGOLIA_INDEX_NAME":"coils_index","DO_FULL_INDEXING":"true","DATABASE_ID":"(default)","ALGOLIA_API_KEY":"projects/810582164122/secrets/firestore-algolia-search-ALGOLIA_API_KEY/versions/1","FIELDS":"id,status,masterWidth,thickness,metadata.provider,currentWeight,initialWeight","LOCATION":"us-central1"},"populatedPostinstallContent":"### See it in action\n\nYou can test out this extension right away:\n\n1.  Go to the [Cloud Firestore tab](https://console.firebase.google.com/project/ayrsteel-2026/database/firestore/data).\n\n1.  If it doesn't exist already, create a collection called `coils`.\n\n1.  Create, update, or delete a document in the `coils` collection.  Go to Algolia's dashboard and verify in Algolia that a record is created, updated, or deleted in the `coils_index` index for application id `AJ7782YU4W`.\n\n### Collection import\n\nIf the collection named `coils` exists, the extension has begun importing documents into the `coils_index` Algolia Index. Additionally, a full reindex will occur each time the extension's configuration changes.\n\nA `lastmodified` attribute is added to Algolia records to eliminate race condition issues related from the Cloud Function cold start.\n\n### Using the extension\n\nThis extension listens to the Cloud Firestore collection `coils`. If you create, update, or delete a document within that collection, this extension will:\n\n- Indexes the document and send all the fields or configured fields defined in the extension.\n- or, removes the record from Algolia index if the document is deleted.\n\n### Monitoring\n\nAs a best practice, you can [monitor the activity](https://firebase.google.com/docs/extensions/manage-installed-extensions#monitor) of your installed extension, including checks on its health, usage, and logs.\n","extensionRef":"algolia/firestore-algolia-search","extensionVersion":"1.2.10","systemParams":{"firebaseextensions.v1beta.function/vpcConnectorEgressSettings":"VPC_CONNECTOR_EGRESS_SETTINGS_UNSPECIFIED","firebaseextensions.v1beta.function/minInstances":"0","firebaseextensions.v1beta.function/memory":"256"}},"lastOperationName":"projects/ayrsteel-2026/operations/61d608d4-cfa5-4bd6-99f1-05277002ee4b","serviceAccountEmail":"ext-firestore-algolia-search@ayrsteel-2026.iam.gserviceaccount.com","lastOperationType":"CONFIGURE","etag":"0de8aefb2e5df15416afdbfac4da6ea6ec6836e1355e740f9c5bd2fd8abd3355","runtimeData":{"stateUpdateTime":"2026-03-19T23:09:23.575507124Z","processingState":{"state":"PROCESSING_COMPLETE","detailMessage":"Successfully indexed 50 documents in 1272ms."}}},{"name":"projects/ayrsteel-2026/instances/firestore-algolia-search-contacts","createTime":"2026-03-19T22:46:16.389030Z","updateTime":"2026-03-20T00:36:15.718955Z","state":"ACTIVE","config":{"name":"projects/ayrsteel-2026/instances/firestore-algolia-search-contacts/configurations/031318ea-918c-4c04-9968-aa45fe96ce95","createTime":"2026-03-20T00:31:08.811929Z","source":{"name":"projects/algolia-b2ebc/sources/f2a0dfae-c9fe-4d81-9270-e2ab97341336","packageUri":"https://storage.googleapis.com/firebase-extensions-packages-prod/algolia-firestore-algolia-search-1.2.10-ad77104c-e1df-4d73-9be7-e56937a83bea.zip","hash":"bf3bebef836a4d00847d8766756acb75d2dff6b3b089488bd6c90ac03c38ff57","extensionRoot":"/","spec":{"specVersion":"v1beta","name":"firestore-algolia-search","version":"1.2.10","description":"Enables full text search of your Cloud Firestore data with Algolia.","roles":[{"role":"datastore.user","reason":"Allows this extension to access Cloud Firestore to read."}],"resources":[{"name":"executeIndexOperation","type":"firebaseextensions.v1beta.function","propertiesYaml":"eventTrigger:\n  eventType: providers/cloud.firestore/eventTypes/document.write\n  resource: projects/${PROJECT_ID}/databases/${DATABASE_ID}/documents/${COLLECTION_PATH}/{documentID}\nlocation: ${LOCATION}\nruntime: nodejs20\n","description":"Firestore document-triggered function that creates, updates, or deletes data in Algolia.","deletionPolicy":"DELETE"},{"name":"executeFullIndexOperation","type":"firebaseextensions.v1beta.function","propertiesYaml":"availableMemoryMb: 1024\nlocation: ${param:LOCATION}\nruntime: nodejs20\ntaskQueueTrigger: {}\ntimeout: 540s\n","description":"Loads all the data from your FireStore database into Algolia","deletionPolicy":"DELETE"}],"billingRequired":true,"author":{"authorName":"Algolia","url":"https://algolia.com"},"contributors":[{"authorName":"Sajid Momin","email":"sajid.momin@algolia.com","url":"https://github.com/smomin"}],"license":"Apache-2.0","sourceUrl":"https://github.com/algolia/firestore-algolia-search/tree/main","params":[{"param":"DATABASE_ID","label":"Database ID","type":"STRING","description":"Enter database that contains the collections that you want to monitor?\n","required":true,"default":"(default)","example":"test","immutable":true},{"param":"COLLECTION_PATH","label":"Collection Path","type":"STRING","description":"What is the path to the Cloud Firestore collection where the extension should monitor for changes?\n","required":true,"example":"store","validationRegex":"^[^/]+(/[^/]+/[^/]+)*$","validationErrorMessage":"Firestore collection paths must be an odd number of segments separated by slashes, e.g. \"movies/{id}/actors\".","immutable":true},{"param":"FIELDS","label":"Indexable Fields","type":"STRING","description":"This can be a comma separated list or left blank to index all fields. For performance reasons, [record size is limited](https://www.algolia.com/doc/guides/sending-and-managing-data/prepare-your-data/in-depth/index-and-records-size-and-usage-limitations/#record-size-limits). If you're receiving errors that your records are too large, refer to the [reducing record size documentation](https://www.algolia.com/doc/guides/sending-and-managing-data/prepare-your-data/how-to/reducing-object-size/).\n","example":"name,category,price,sales"},{"param":"FORCE_DATA_SYNC","label":"Force Data Sync","type":"SELECT","description":"The extension uses approaches to mitigate race conditions but it might not be a 100% fool proof.  This setting will make sure the function is using the latest data from Firestore by making another read call before processing and sending to Algolia.  note: This will be a add to your usage of Firestore.","options":[{"value":"no","label":"No"},{"value":"yes","label":"Yes"}],"default":"no"},{"param":"ALGOLIA_INDEX_NAME","label":"Algolia Index Name","type":"STRING","description":"This is the name of the [Algolia index](https://www.algolia.com/doc/faq/basics/what-is-an-index/) where the records will be persisted. Refer to [naming your index](https://www.algolia.com/doc/guides/sending-and-managing-data/send-and-update-your-data/#naming-your-index) for more information.","required":true},{"param":"ALGOLIA_APP_ID","label":"Algolia Application Id","type":"STRING","description":"This is the Algolia application you want to index your data to. You can find your credentials including application ID on your Algolia dashboard, under the [API keys tab](https://www.algolia.com/api-keys).","required":true},{"param":"ALGOLIA_API_KEY","label":"Algolia API Key","type":"SECRET","description":"We recommend [creating a new API key](https://www.algolia.com/doc/guides/security/api-keys/#creating-and-managing-api-keys) with \"addObject\", \"deleteObject\", \"listIndexes\", \"deleteIndex\", \"editSettings\", and \"settings\" permissions. **Do not use the Admin API key**.","required":true},{"param":"ALT_OBJECT_ID","label":"Alternative Object Id","type":"STRING","description":"Specify an alternative Firestore document property to use for the Algolia record Id.  Use `(path)` if the document path is desired as the Algolia ObjectID.  The default is the Firestore document Id. **If you set this property, make sure to clear out the Algolia Index since the ObjectID will be different resulting in duplicate records.**"},{"param":"TRANSFORM_FUNCTION","label":"Transform Function Name (Experimental)","type":"STRING","description":"Specify a Firebase Cloud Function for any data transformation before saving into Algolia. Refer to [Call functions for your app](https://firebase.google.com/docs/functions/callable)."},{"param":"DO_FULL_INDEXING","label":"Full Index existing documents?","type":"SELECT","description":"Should existing documents in the Firestore collection be indexed as well?\n","required":true,"options":[{"value":"true","label":"Yes"},{"value":"false","label":"No"}]},{"param":"LOCATION","label":"Cloud Functions location","type":"SELECT","description":"Where do you want to deploy the functions created for this extension? You usually want a location close to your database. For help selecting a location, refer to the [location selection guide](https://firebase.google.com/docs/functions/locations).","required":true,"options":[{"value":"us-central1","label":"Iowa (us-central1)"},{"value":"us-east1","label":"South Carolina (us-east1)"},{"value":"us-east4","label":"Northern Virginia (us-east4)"},{"value":"us-west2","label":"Los Angeles (us-west2)"},{"value":"us-west3","label":"Salt Lake City (us-west3)"},{"value":"us-west4","label":"Las Vegas (us-west4)"},{"value":"europe-central2","label":"Warsaw (europe-central2)"},{"value":"europe-west1","label":"Belgium (europe-west1)"},{"value":"europe-west2","label":"London (europe-west2)"},{"value":"europe-west3","label":"Frankfurt (europe-west3)"},{"value":"europe-west6","label":"Zurich (europe-west6)"},{"value":"asia-east2","label":"Hong Kong (asia-east2)"},{"value":"asia-northeast1","label":"Tokyo (asia-northeast1)"},{"value":"asia-northeast2","label":"Osaka (asia-northeast2)"},{"value":"asia-northeast3","label":"Seoul (asia-northeast3)"},{"value":"asia-south1","label":"Mumbai (asia-south1)"},{"value":"asia-southeast2","label":"Jakarta (asia-southeast2)"},{"value":"northamerica-northeast1","label":"Montreal (northamerica-northeast1)"},{"value":"southamerica-east1","label":"Sao Paulo (southamerica-east1)"},{"value":"australia-southeast1","label":"Sydney (australia-southeast1)"}],"immutable":true}],"preinstallContent":"Use this extension to index your Cloud Firestore data to Algolia and keep it synced.  The extension is applied and configured on a Firestore [collection](https://firebase.google.com/docs/firestore/data-model#collections).\n\nThis extension listens for changes on the specified collection. If you add a [document](https://firebase.google.com/docs/firestore/data-model#documents), the extension indexes it as a [record in Algolia](https://www.algolia.com/doc/faq/basics/what-is-a-record/). The extension only indexes the fields defined in the extension configuration and uses the [document Id](https://firebase.google.com/docs/firestore/manage-data/add-data#add_a_document) as the Algolia [object Id](https://www.algolia.com/doc/guides/sending-and-managing-data/send-and-update-your-data/#using-unique-object-identifiers).\n\nAnytime you update a document, the extension propagates the update to the corresponding Algolia record. If you delete a document, the extension removes the corresponding Algolia record.\n\n#### Important\n\nUpon installation or when the extension's configuration is changed, the documents in the specified collection will be synced to Algolia.\n\n#### Additional setup\n\nBefore installing this extension, make sure that you've\n[set up a Cloud Firestore database](https://firebase.google.com/docs/firestore/quickstart)\nin your Firebase project.\n\nYou must also have an Algolia account set up before installing this\nextension. You can do so on the [Algolia](https://www.algolia.com/) site.\n\n#### Billing\n\nThis extension uses the following Firebase services which may have associated charges:\n\n- Cloud Firestore\n- Cloud Functions\n\nThis extension also uses the following third-party services:\n\n- Algolia ([pricing information](https://www.algolia.com/pricing))\n\nYou are responsible for any costs associated with your use of these services.\n\n#### Note from Firebase\n\nTo install this extension, your Firebase project must be on the Blaze (pay-as-you-go) plan. You will only be charged for the resources you use. Most Firebase services offer a free tier for low-volume use. [Learn more about Firebase billing.](https://firebase.google.com/pricing)\n\nYou will be billed a small amount (typically less than $0.10) when you install or reconfigure this extension. See Cloud Functions under [Firebase Pricing](https://firebase.google.com/pricing) for a detailed explanation.\n","postinstallContent":"### See it in action\n\nYou can test out this extension right away:\n\n1.  Go to the [Cloud Firestore tab](https://console.firebase.google.com/project/${param:PROJECT_ID}/database/firestore/data).\n\n1.  If it doesn't exist already, create a collection called `${param:COLLECTION_PATH}`.\n\n1.  Create, update, or delete a document in the `${param:COLLECTION_PATH}` collection.  Go to Algolia's dashboard and verify in Algolia that a record is created, updated, or deleted in the `${param:ALGOLIA_INDEX_NAME}` index for application id `${param:ALGOLIA_APP_ID}`.\n\n### Collection import\n\nIf the collection named `${param:COLLECTION_PATH}` exists, the extension has begun importing documents into the `${param:ALGOLIA_INDEX_NAME}` Algolia Index. Additionally, a full reindex will occur each time the extension's configuration changes.\n\nA `lastmodified` attribute is added to Algolia records to eliminate race condition issues related from the Cloud Function cold start.\n\n### Using the extension\n\nThis extension listens to the Cloud Firestore collection `${param:COLLECTION_PATH}`. If you create, update, or delete a document within that collection, this extension will:\n\n- Indexes the document and send all the fields or configured fields defined in the extension.\n- or, removes the record from Algolia index if the document is deleted.\n\n### Monitoring\n\nAs a best practice, you can [monitor the activity](https://firebase.google.com/docs/extensions/manage-installed-extensions#monitor) of your installed extension, including checks on its health, usage, and logs.\n","readmeContent":"# Search Firestore with Algolia\n\n**Author**: Algolia (**[https://www.algolia.com](https://www.algolia.com)**)\n\n**Description**: Enable full text search of your Cloud Firestore data with Algolia.\n\n**Details**: Use this extension to index your Cloud Firestore data to [Algolia](https://www.algolia.com/doc/) and keep it synced.\n\nYou can then [configure your relevance](/doc/guides/getting-started/how-algolia-works/in-depth/implementation-process/#configuring-relevance) using the [Algolia dashboard](https://www.algolia.com/dashboard) or [API clients](/doc/api-client/getting-started/install/javascript/). From there, you can use Algolia's [front-end libraries](/doc/guides/building-search-ui/what-is-instantsearch/js/) to incorporate search components into your Firebase app's UI.\n\n---\n\nWe welcome [bug reports and feature requests](https://github.com/algolia/firestore-algolia-search/issues/new) as well as pull requests in this GitHub repository.\n\n### Firebase CLI\n\n```bash\nfirebase ext:install algolia/firestore-algolia-search --project=<your-project-id>\n```\n\n> Learn more about installing extensions in the Firebase Extensions documentation: [console](https://firebase.google.com/docs/extensions/install-extensions?platform=console), [CLI](https://firebase.google.com/docs/extensions/install-extensions?platform=cli)\n\n---\n\n#### Details\n\nUse this extension to index your Cloud Firestore data to Algolia and keep it synced.  The extension is applied and configured on a Firestore [collection](https://firebase.google.com/docs/firestore/data-model#collections) or [subcollection](https://firebase.google.com/docs/firestore/data-model#subcollections).\n\nThis extension listens for changes on the specified collection. If you add a [document](https://firebase.google.com/docs/firestore/data-model#documents), the extension indexes it as a [record in Algolia](https://www.algolia.com/doc/faq/basics/what-is-a-record/). The extension only indexes the fields defined in the extension configuration and uses the [document Id](https://firebase.google.com/docs/firestore/manage-data/add-data#add_a_document) as the Algolia [object Id](https://www.algolia.com/doc/guides/sending-and-managing-data/send-and-update-your-data/#using-unique-object-identifiers).\n\nAnytime you update a document, the extension propagates the update to the corresponding Algolia record. If you delete a document, the extension removes the corresponding Algolia record.\n\n#### Additional setup\n\nBefore installing this extension, make sure that you've set up:\n- [Cloud Firestore database](https://firebase.google.com/docs/firestore/quickstart) in your Firebase project.\n- [Algolia](https://www.algolia.com/) account.\n\n\n#### Billing\n\nThis extension uses the following Firebase services which may have associated charges:\n\n- Cloud Firestore\n- Cloud Functions\n\nThis extension also uses the following third-party services:\n\n- Algolia ([pricing information](https://www.algolia.com/pricing))\n\nYou are responsible for any costs associated with your use of these services.\n\n#### Note from Firebase\n\nTo install this extension, your Firebase project must be on the Blaze (pay-as-you-go) plan. You will only be charged for the resources you use. Most Firebase services offer a free tier for low-volume use. [Learn more about Firebase billing.](https://firebase.google.com/pricing)\n\nYou will be billed a small amount (typically less than $0.10) when you install or reconfigure this extension. See Cloud Functions under [Firebase Pricing](https://firebase.google.com/pricing) for a detailed explanation.\n\n#### Configuration Parameters\n\nCloud Functions Location: Where do you want to deploy the functions created for this extension?\n  You usually want a location close to your database.\n  For help selecting a location, refer to the\n  [location selection guide](https://firebase.google.com/docs/functions/locations).\n- Database Id: Enter the database id that contains the collection(s) that you want to monitor?\n  Firebase supports [multiple databases](https://cloud.google.com/blog/products/databases/manage-multiple-firestore-databases-in-a-project) in a project.  In order to use a non default database, enter the database Id.\n\n- Collection Path: What is the path to the Cloud Firestore collection where the extension should monitor for changes?\n  For subcollection, the syntax is `parent_collection/{parentId}/target_collection`. (please note, there is not depublication process on subcollections).\n\n- Fields: What document fields should be indexed to provide the best search experience? For more information on which fields to index to Algolia, see the [Algolia documentation on records](https://www.algolia.com/doc/guides/sending-and-managing-data/prepare-your-data/#algolia-records).\n  This can be a comma separated list or left blank to index all fields.\n  For performance reasons, [record size is limited](https://www.algolia.com/doc/guides/sending-and-managing-data/prepare-your-data/in-depth/index-and-records-size-and-usage-limitations/#record-size-limits).\n  If you're receiving errors that your records are too large, refer to the [reducing record size documentation](https://www.algolia.com/doc/guides/sending-and-managing-data/prepare-your-data/how-to/reducing-object-size/).\n\n- Force Data Sync: Are you facing data inconsistent issues possibly due to race conditions?\n  This setting will make sure the function is using the latest data from Firestore by making another read call before processing and sending to Algolia.\n\n- Algolia Application ID: What is the Algolia Application Id?\n  This is the Algolia application you want to index your data to.\n  You can find your credentials including application ID on your Algolia dashboard,\n  under the [API keys tab](https://www.algolia.com/api-keys).\n\n- Algolia API Key: What is your Algolia API key?\n  We recommend [creating a new API key](https://www.algolia.com/doc/guides/security/api-keys/#creating-and-managing-api-keys)\n  with \"addObject\", \"deleteObject\", \"listIndexes\", \"deleteIndex\", \"editSettings\", and \"settings\" permissions.\n  **Do not use the Admin API key**.\n\n- Algolia Index Name: What is the Algolia index name?\n  This is the name of the [Algolia index](https://www.algolia.com/doc/faq/basics/what-is-an-index/)\n  where the records will be persisted.\n  Refer to [naming your index](https://www.algolia.com/doc/guides/sending-and-managing-data/send-and-update-your-data/#naming-your-index) for more information.\n\n- Alternative Object Id: Are you looking to use another Firestore document property or document path as the Algolia ObjectID?\n  Specify an alternative Firestore document property to use for the Algolia record Id.  Use `(path)` if the document path is desired as the Algolia ObjectID.  The default is the Firestore document Id.\n  **If you set this property, make sure to clear out the Algolia Index since the ObjectID will be different resulting in duplicate records.**\n\n- Transform Function Name (experimental): What is the Firebase Cloud Function Name?\n  This is the name of the Firestore Cloud Function for transforming the data before transmitting to Algolia for indexing.\n  This function should be deployed to the same Firebase Project and Location as the Firestore/Algolia extension.\n  Refer to [Call functions for your app](https://firebase.google.com/docs/functions/callable).\n  Below is an example of a Transform function used for my testing:\n  ```javascript\n    import * as functions from \"firebase-functions\";\n\n    const doStuffToData = (payload: any) => {\n      return {\n      ...payload,\n      \"hello\": \"world\",\n      };\n    };\n\n    export const helloWorld = functions.https.onCall((payload) => {\n      const transformedData = doStuffToData(payload);\n      return transformedData;\n    });\n  ```\n  **Note**: The Transform Firebase Function should be set up to unauthenticated users at this time.\n\n#### Cloud Functions\n\n- **executeIndexOperation:** Firestore document-triggered function that creates, updates, or deletes data in Algolia.\n","externalServices":[{"name":"Algolia","pricingUri":"https://algolia.com/pricing"}],"lifecycleEvents":[{"stage":"ON_INSTALL","processingMessage":"Indexing existing documents in ${COLLECTION_PATH}","taskQueueTriggerFunction":"executeFullIndexOperation"},{"stage":"ON_UPDATE","processingMessage":"Indexing existing documents in ${COLLECTION_PATH}","taskQueueTriggerFunction":"executeFullIndexOperation"},{"stage":"ON_CONFIGURE","processingMessage":"Indexing existing documents in ${COLLECTION_PATH}","taskQueueTriggerFunction":"executeFullIndexOperation"}],"displayName":"Search Firestore with Algolia","tags":["ai","search","semantic-search","vector-search","text-search"]},"fetchTime":"2025-05-16T17:02:12.063897Z","lastOperationName":"projects/algolia-b2ebc/operations/87e61176-16d6-4819-93cf-10e09387bdcb","state":"ACTIVE"},"params":{"ALGOLIA_APP_ID":"AJ7782YU4W","ALGOLIA_API_KEY":"projects/810582164122/secrets/firestore-algolia-search-contacts-ALGOLIA_API_KEY/versions/1","DO_FULL_INDEXING":"true","LOCATION":"us-central1","ALGOLIA_INDEX_NAME":"contacts_index","COLLECTION_PATH":"contacts","FIELDS":"name, phone, email, associatedCompanyIds","FORCE_DATA_SYNC":"yes","DATABASE_ID":"(default)"},"populatedPostinstallContent":"### See it in action\n\nYou can test out this extension right away:\n\n1.  Go to the [Cloud Firestore tab](https://console.firebase.google.com/project/ayrsteel-2026/database/firestore/data).\n\n1.  If it doesn't exist already, create a collection called `contacts`.\n\n1.  Create, update, or delete a document in the `contacts` collection.  Go to Algolia's dashboard and verify in Algolia that a record is created, updated, or deleted in the `contacts_index` index for application id `AJ7782YU4W`.\n\n### Collection import\n\nIf the collection named `contacts` exists, the extension has begun importing documents into the `contacts_index` Algolia Index. Additionally, a full reindex will occur each time the extension's configuration changes.\n\nA `lastmodified` attribute is added to Algolia records to eliminate race condition issues related from the Cloud Function cold start.\n\n### Using the extension\n\nThis extension listens to the Cloud Firestore collection `contacts`. If you create, update, or delete a document within that collection, this extension will:\n\n- Indexes the document and send all the fields or configured fields defined in the extension.\n- or, removes the record from Algolia index if the document is deleted.\n\n### Monitoring\n\nAs a best practice, you can [monitor the activity](https://firebase.google.com/docs/extensions/manage-installed-extensions#monitor) of your installed extension, including checks on its health, usage, and logs.\n","extensionRef":"algolia/firestore-algolia-search","extensionVersion":"1.2.10","systemParams":{"firebaseextensions.v1beta.function/vpcConnectorEgressSettings":"VPC_CONNECTOR_EGRESS_SETTINGS_UNSPECIFIED","firebaseextensions.v1beta.function/minInstances":"0","firebaseextensions.v1beta.function/memory":"256"}},"lastOperationName":"projects/ayrsteel-2026/operations/97bc48f4-2bcf-40e3-ab20-46f1b0b9ea3b","serviceAccountEmail":"ext-firestore-algolia-sea-nyop@ayrsteel-2026.iam.gserviceaccount.com","lastOperationType":"CONFIGURE","etag":"4054479b8675a0718e32a7f0cdf7865d243614b308811fef0a61afe75db6ea8c","runtimeData":{"stateUpdateTime":"2026-03-20T00:38:01.927767748Z","processingState":{"state":"PROCESSING_COMPLETE","detailMessage":"Successfully indexed 2 documents in 1247ms."}}},{"name":"projects/ayrsteel-2026/instances/firestore-algolia-search-customers","createTime":"2026-03-19T22:44:23.960088Z","updateTime":"2026-05-08T06:45:15.225143Z","state":"ACTIVE","config":{"name":"projects/ayrsteel-2026/instances/firestore-algolia-search-customers/configurations/af610757-a743-4ec9-bdb0-82de378465e4","createTime":"2026-05-08T06:40:28.200614Z","source":{"name":"projects/algolia-b2ebc/sources/f2a0dfae-c9fe-4d81-9270-e2ab97341336","packageUri":"https://storage.googleapis.com/firebase-extensions-packages-prod/algolia-firestore-algolia-search-1.2.10-ad77104c-e1df-4d73-9be7-e56937a83bea.zip","hash":"bf3bebef836a4d00847d8766756acb75d2dff6b3b089488bd6c90ac03c38ff57","extensionRoot":"/","spec":{"specVersion":"v1beta","name":"firestore-algolia-search","version":"1.2.10","description":"Enables full text search of your Cloud Firestore data with Algolia.","roles":[{"role":"datastore.user","reason":"Allows this extension to access Cloud Firestore to read."}],"resources":[{"name":"executeIndexOperation","type":"firebaseextensions.v1beta.function","propertiesYaml":"eventTrigger:\n  eventType: providers/cloud.firestore/eventTypes/document.write\n  resource: projects/${PROJECT_ID}/databases/${DATABASE_ID}/documents/${COLLECTION_PATH}/{documentID}\nlocation: ${LOCATION}\nruntime: nodejs20\n","description":"Firestore document-triggered function that creates, updates, or deletes data in Algolia.","deletionPolicy":"DELETE"},{"name":"executeFullIndexOperation","type":"firebaseextensions.v1beta.function","propertiesYaml":"availableMemoryMb: 1024\nlocation: ${param:LOCATION}\nruntime: nodejs20\ntaskQueueTrigger: {}\ntimeout: 540s\n","description":"Loads all the data from your FireStore database into Algolia","deletionPolicy":"DELETE"}],"billingRequired":true,"author":{"authorName":"Algolia","url":"https://algolia.com"},"contributors":[{"authorName":"Sajid Momin","email":"sajid.momin@algolia.com","url":"https://github.com/smomin"}],"license":"Apache-2.0","sourceUrl":"https://github.com/algolia/firestore-algolia-search/tree/main","params":[{"param":"DATABASE_ID","label":"Database ID","type":"STRING","description":"Enter database that contains the collections that you want to monitor?\n","required":true,"default":"(default)","example":"test","immutable":true},{"param":"COLLECTION_PATH","label":"Collection Path","type":"STRING","description":"What is the path to the Cloud Firestore collection where the extension should monitor for changes?\n","required":true,"example":"store","validationRegex":"^[^/]+(/[^/]+/[^/]+)*$","validationErrorMessage":"Firestore collection paths must be an odd number of segments separated by slashes, e.g. \"movies/{id}/actors\".","immutable":true},{"param":"FIELDS","label":"Indexable Fields","type":"STRING","description":"This can be a comma separated list or left blank to index all fields. For performance reasons, [record size is limited](https://www.algolia.com/doc/guides/sending-and-managing-data/prepare-your-data/in-depth/index-and-records-size-and-usage-limitations/#record-size-limits). If you're receiving errors that your records are too large, refer to the [reducing record size documentation](https://www.algolia.com/doc/guides/sending-and-managing-data/prepare-your-data/how-to/reducing-object-size/).\n","example":"name,category,price,sales"},{"param":"FORCE_DATA_SYNC","label":"Force Data Sync","type":"SELECT","description":"The extension uses approaches to mitigate race conditions but it might not be a 100% fool proof.  This setting will make sure the function is using the latest data from Firestore by making another read call before processing and sending to Algolia.  note: This will be a add to your usage of Firestore.","options":[{"value":"no","label":"No"},{"value":"yes","label":"Yes"}],"default":"no"},{"param":"ALGOLIA_INDEX_NAME","label":"Algolia Index Name","type":"STRING","description":"This is the name of the [Algolia index](https://www.algolia.com/doc/faq/basics/what-is-an-index/) where the records will be persisted. Refer to [naming your index](https://www.algolia.com/doc/guides/sending-and-managing-data/send-and-update-your-data/#naming-your-index) for more information.","required":true},{"param":"ALGOLIA_APP_ID","label":"Algolia Application Id","type":"STRING","description":"This is the Algolia application you want to index your data to. You can find your credentials including application ID on your Algolia dashboard, under the [API keys tab](https://www.algolia.com/api-keys).","required":true},{"param":"ALGOLIA_API_KEY","label":"Algolia API Key","type":"SECRET","description":"We recommend [creating a new API key](https://www.algolia.com/doc/guides/security/api-keys/#creating-and-managing-api-keys) with \"addObject\", \"deleteObject\", \"listIndexes\", \"deleteIndex\", \"editSettings\", and \"settings\" permissions. **Do not use the Admin API key**.","required":true},{"param":"ALT_OBJECT_ID","label":"Alternative Object Id","type":"STRING","description":"Specify an alternative Firestore document property to use for the Algolia record Id.  Use `(path)` if the document path is desired as the Algolia ObjectID.  The default is the Firestore document Id. **If you set this property, make sure to clear out the Algolia Index since the ObjectID will be different resulting in duplicate records.**"},{"param":"TRANSFORM_FUNCTION","label":"Transform Function Name (Experimental)","type":"STRING","description":"Specify a Firebase Cloud Function for any data transformation before saving into Algolia. Refer to [Call functions for your app](https://firebase.google.com/docs/functions/callable)."},{"param":"DO_FULL_INDEXING","label":"Full Index existing documents?","type":"SELECT","description":"Should existing documents in the Firestore collection be indexed as well?\n","required":true,"options":[{"value":"true","label":"Yes"},{"value":"false","label":"No"}]},{"param":"LOCATION","label":"Cloud Functions location","type":"SELECT","description":"Where do you want to deploy the functions created for this extension? You usually want a location close to your database. For help selecting a location, refer to the [location selection guide](https://firebase.google.com/docs/functions/locations).","required":true,"options":[{"value":"us-central1","label":"Iowa (us-central1)"},{"value":"us-east1","label":"South Carolina (us-east1)"},{"value":"us-east4","label":"Northern Virginia (us-east4)"},{"value":"us-west2","label":"Los Angeles (us-west2)"},{"value":"us-west3","label":"Salt Lake City (us-west3)"},{"value":"us-west4","label":"Las Vegas (us-west4)"},{"value":"europe-central2","label":"Warsaw (europe-central2)"},{"value":"europe-west1","label":"Belgium (europe-west1)"},{"value":"europe-west2","label":"London (europe-west2)"},{"value":"europe-west3","label":"Frankfurt (europe-west3)"},{"value":"europe-west6","label":"Zurich (europe-west6)"},{"value":"asia-east2","label":"Hong Kong (asia-east2)"},{"value":"asia-northeast1","label":"Tokyo (asia-northeast1)"},{"value":"asia-northeast2","label":"Osaka (asia-northeast2)"},{"value":"asia-northeast3","label":"Seoul (asia-northeast3)"},{"value":"asia-south1","label":"Mumbai (asia-south1)"},{"value":"asia-southeast2","label":"Jakarta (asia-southeast2)"},{"value":"northamerica-northeast1","label":"Montreal (northamerica-northeast1)"},{"value":"southamerica-east1","label":"Sao Paulo (southamerica-east1)"},{"value":"australia-southeast1","label":"Sydney (australia-southeast1)"}],"immutable":true}],"preinstallContent":"Use this extension to index your Cloud Firestore data to Algolia and keep it synced.  The extension is applied and configured on a Firestore [collection](https://firebase.google.com/docs/firestore/data-model#collections).\n\nThis extension listens for changes on the specified collection. If you add a [document](https://firebase.google.com/docs/firestore/data-model#documents), the extension indexes it as a [record in Algolia](https://www.algolia.com/doc/faq/basics/what-is-a-record/). The extension only indexes the fields defined in the extension configuration and uses the [document Id](https://firebase.google.com/docs/firestore/manage-data/add-data#add_a_document) as the Algolia [object Id](https://www.algolia.com/doc/guides/sending-and-managing-data/send-and-update-your-data/#using-unique-object-identifiers).\n\nAnytime you update a document, the extension propagates the update to the corresponding Algolia record. If you delete a document, the extension removes the corresponding Algolia record.\n\n#### Important\n\nUpon installation or when the extension's configuration is changed, the documents in the specified collection will be synced to Algolia.\n\n#### Additional setup\n\nBefore installing this extension, make sure that you've\n[set up a Cloud Firestore database](https://firebase.google.com/docs/firestore/quickstart)\nin your Firebase project.\n\nYou must also have an Algolia account set up before installing this\nextension. You can do so on the [Algolia](https://www.algolia.com/) site.\n\n#### Billing\n\nThis extension uses the following Firebase services which may have associated charges:\n\n- Cloud Firestore\n- Cloud Functions\n\nThis extension also uses the following third-party services:\n\n- Algolia ([pricing information](https://www.algolia.com/pricing))\n\nYou are responsible for any costs associated with your use of these services.\n\n#### Note from Firebase\n\nTo install this extension, your Firebase project must be on the Blaze (pay-as-you-go) plan. You will only be charged for the resources you use. Most Firebase services offer a free tier for low-volume use. [Learn more about Firebase billing.](https://firebase.google.com/pricing)\n\nYou will be billed a small amount (typically less than $0.10) when you install or reconfigure this extension. See Cloud Functions under [Firebase Pricing](https://firebase.google.com/pricing) for a detailed explanation.\n","postinstallContent":"### See it in action\n\nYou can test out this extension right away:\n\n1.  Go to the [Cloud Firestore tab](https://console.firebase.google.com/project/${param:PROJECT_ID}/database/firestore/data).\n\n1.  If it doesn't exist already, create a collection called `${param:COLLECTION_PATH}`.\n\n1.  Create, update, or delete a document in the `${param:COLLECTION_PATH}` collection.  Go to Algolia's dashboard and verify in Algolia that a record is created, updated, or deleted in the `${param:ALGOLIA_INDEX_NAME}` index for application id `${param:ALGOLIA_APP_ID}`.\n\n### Collection import\n\nIf the collection named `${param:COLLECTION_PATH}` exists, the extension has begun importing documents into the `${param:ALGOLIA_INDEX_NAME}` Algolia Index. Additionally, a full reindex will occur each time the extension's configuration changes.\n\nA `lastmodified` attribute is added to Algolia records to eliminate race condition issues related from the Cloud Function cold start.\n\n### Using the extension\n\nThis extension listens to the Cloud Firestore collection `${param:COLLECTION_PATH}`. If you create, update, or delete a document within that collection, this extension will:\n\n- Indexes the document and send all the fields or configured fields defined in the extension.\n- or, removes the record from Algolia index if the document is deleted.\n\n### Monitoring\n\nAs a best practice, you can [monitor the activity](https://firebase.google.com/docs/extensions/manage-installed-extensions#monitor) of your installed extension, including checks on its health, usage, and logs.\n","readmeContent":"# Search Firestore with Algolia\n\n**Author**: Algolia (**[https://www.algolia.com](https://www.algolia.com)**)\n\n**Description**: Enable full text search of your Cloud Firestore data with Algolia.\n\n**Details**: Use this extension to index your Cloud Firestore data to [Algolia](https://www.algolia.com/doc/) and keep it synced.\n\nYou can then [configure your relevance](/doc/guides/getting-started/how-algolia-works/in-depth/implementation-process/#configuring-relevance) using the [Algolia dashboard](https://www.algolia.com/dashboard) or [API clients](/doc/api-client/getting-started/install/javascript/). From there, you can use Algolia's [front-end libraries](/doc/guides/building-search-ui/what-is-instantsearch/js/) to incorporate search components into your Firebase app's UI.\n\n---\n\nWe welcome [bug reports and feature requests](https://github.com/algolia/firestore-algolia-search/issues/new) as well as pull requests in this GitHub repository.\n\n### Firebase CLI\n\n```bash\nfirebase ext:install algolia/firestore-algolia-search --project=<your-project-id>\n```\n\n> Learn more about installing extensions in the Firebase Extensions documentation: [console](https://firebase.google.com/docs/extensions/install-extensions?platform=console), [CLI](https://firebase.google.com/docs/extensions/install-extensions?platform=cli)\n\n---\n\n#### Details\n\nUse this extension to index your Cloud Firestore data to Algolia and keep it synced.  The extension is applied and configured on a Firestore [collection](https://firebase.google.com/docs/firestore/data-model#collections) or [subcollection](https://firebase.google.com/docs/firestore/data-model#subcollections).\n\nThis extension listens for changes on the specified collection. If you add a [document](https://firebase.google.com/docs/firestore/data-model#documents), the extension indexes it as a [record in Algolia](https://www.algolia.com/doc/faq/basics/what-is-a-record/). The extension only indexes the fields defined in the extension configuration and uses the [document Id](https://firebase.google.com/docs/firestore/manage-data/add-data#add_a_document) as the Algolia [object Id](https://www.algolia.com/doc/guides/sending-and-managing-data/send-and-update-your-data/#using-unique-object-identifiers).\n\nAnytime you update a document, the extension propagates the update to the corresponding Algolia record. If you delete a document, the extension removes the corresponding Algolia record.\n\n#### Additional setup\n\nBefore installing this extension, make sure that you've set up:\n- [Cloud Firestore database](https://firebase.google.com/docs/firestore/quickstart) in your Firebase project.\n- [Algolia](https://www.algolia.com/) account.\n\n\n#### Billing\n\nThis extension uses the following Firebase services which may have associated charges:\n\n- Cloud Firestore\n- Cloud Functions\n\nThis extension also uses the following third-party services:\n\n- Algolia ([pricing information](https://www.algolia.com/pricing))\n\nYou are responsible for any costs associated with your use of these services.\n\n#### Note from Firebase\n\nTo install this extension, your Firebase project must be on the Blaze (pay-as-you-go) plan. You will only be charged for the resources you use. Most Firebase services offer a free tier for low-volume use. [Learn more about Firebase billing.](https://firebase.google.com/pricing)\n\nYou will be billed a small amount (typically less than $0.10) when you install or reconfigure this extension. See Cloud Functions under [Firebase Pricing](https://firebase.google.com/pricing) for a detailed explanation.\n\n#### Configuration Parameters\n\nCloud Functions Location: Where do you want to deploy the functions created for this extension?\n  You usually want a location close to your database.\n  For help selecting a location, refer to the\n  [location selection guide](https://firebase.google.com/docs/functions/locations).\n- Database Id: Enter the database id that contains the collection(s) that you want to monitor?\n  Firebase supports [multiple databases](https://cloud.google.com/blog/products/databases/manage-multiple-firestore-databases-in-a-project) in a project.  In order to use a non default database, enter the database Id.\n\n- Collection Path: What is the path to the Cloud Firestore collection where the extension should monitor for changes?\n  For subcollection, the syntax is `parent_collection/{parentId}/target_collection`. (please note, there is not depublication process on subcollections).\n\n- Fields: What document fields should be indexed to provide the best search experience? For more information on which fields to index to Algolia, see the [Algolia documentation on records](https://www.algolia.com/doc/guides/sending-and-managing-data/prepare-your-data/#algolia-records).\n  This can be a comma separated list or left blank to index all fields.\n  For performance reasons, [record size is limited](https://www.algolia.com/doc/guides/sending-and-managing-data/prepare-your-data/in-depth/index-and-records-size-and-usage-limitations/#record-size-limits).\n  If you're receiving errors that your records are too large, refer to the [reducing record size documentation](https://www.algolia.com/doc/guides/sending-and-managing-data/prepare-your-data/how-to/reducing-object-size/).\n\n- Force Data Sync: Are you facing data inconsistent issues possibly due to race conditions?\n  This setting will make sure the function is using the latest data from Firestore by making another read call before processing and sending to Algolia.\n\n- Algolia Application ID: What is the Algolia Application Id?\n  This is the Algolia application you want to index your data to.\n  You can find your credentials including application ID on your Algolia dashboard,\n  under the [API keys tab](https://www.algolia.com/api-keys).\n\n- Algolia API Key: What is your Algolia API key?\n  We recommend [creating a new API key](https://www.algolia.com/doc/guides/security/api-keys/#creating-and-managing-api-keys)\n  with \"addObject\", \"deleteObject\", \"listIndexes\", \"deleteIndex\", \"editSettings\", and \"settings\" permissions.\n  **Do not use the Admin API key**.\n\n- Algolia Index Name: What is the Algolia index name?\n  This is the name of the [Algolia index](https://www.algolia.com/doc/faq/basics/what-is-an-index/)\n  where the records will be persisted.\n  Refer to [naming your index](https://www.algolia.com/doc/guides/sending-and-managing-data/send-and-update-your-data/#naming-your-index) for more information.\n\n- Alternative Object Id: Are you looking to use another Firestore document property or document path as the Algolia ObjectID?\n  Specify an alternative Firestore document property to use for the Algolia record Id.  Use `(path)` if the document path is desired as the Algolia ObjectID.  The default is the Firestore document Id.\n  **If you set this property, make sure to clear out the Algolia Index since the ObjectID will be different resulting in duplicate records.**\n\n- Transform Function Name (experimental): What is the Firebase Cloud Function Name?\n  This is the name of the Firestore Cloud Function for transforming the data before transmitting to Algolia for indexing.\n  This function should be deployed to the same Firebase Project and Location as the Firestore/Algolia extension.\n  Refer to [Call functions for your app](https://firebase.google.com/docs/functions/callable).\n  Below is an example of a Transform function used for my testing:\n  ```javascript\n    import * as functions from \"firebase-functions\";\n\n    const doStuffToData = (payload: any) => {\n      return {\n      ...payload,\n      \"hello\": \"world\",\n      };\n    };\n\n    export const helloWorld = functions.https.onCall((payload) => {\n      const transformedData = doStuffToData(payload);\n      return transformedData;\n    });\n  ```\n  **Note**: The Transform Firebase Function should be set up to unauthenticated users at this time.\n\n#### Cloud Functions\n\n- **executeIndexOperation:** Firestore document-triggered function that creates, updates, or deletes data in Algolia.\n","externalServices":[{"name":"Algolia","pricingUri":"https://algolia.com/pricing"}],"lifecycleEvents":[{"stage":"ON_INSTALL","processingMessage":"Indexing existing documents in ${COLLECTION_PATH}","taskQueueTriggerFunction":"executeFullIndexOperation"},{"stage":"ON_UPDATE","processingMessage":"Indexing existing documents in ${COLLECTION_PATH}","taskQueueTriggerFunction":"executeFullIndexOperation"},{"stage":"ON_CONFIGURE","processingMessage":"Indexing existing documents in ${COLLECTION_PATH}","taskQueueTriggerFunction":"executeFullIndexOperation"}],"displayName":"Search Firestore with Algolia","tags":["ai","search","semantic-search","vector-search","text-search"]},"fetchTime":"2025-05-16T17:02:12.063897Z","lastOperationName":"projects/algolia-b2ebc/operations/87e61176-16d6-4819-93cf-10e09387bdcb","state":"ACTIVE"},"params":{"LOCATION":"us-central1","DATABASE_ID":"(default)","FIELDS":"name","COLLECTION_PATH":"customers","ALGOLIA_INDEX_NAME":"customers_index","ALGOLIA_APP_ID":"AJ7782YU4W","ALGOLIA_API_KEY":"projects/810582164122/secrets/firestore-algolia-search-customers-ALGOLIA_API_KEY/versions/1","DO_FULL_INDEXING":"true","FORCE_DATA_SYNC":"yes"},"populatedPostinstallContent":"### See it in action\n\nYou can test out this extension right away:\n\n1.  Go to the [Cloud Firestore tab](https://console.firebase.google.com/project/ayrsteel-2026/database/firestore/data).\n\n1.  If it doesn't exist already, create a collection called `customers`.\n\n1.  Create, update, or delete a document in the `customers` collection.  Go to Algolia's dashboard and verify in Algolia that a record is created, updated, or deleted in the `customers_index` index for application id `AJ7782YU4W`.\n\n### Collection import\n\nIf the collection named `customers` exists, the extension has begun importing documents into the `customers_index` Algolia Index. Additionally, a full reindex will occur each time the extension's configuration changes.\n\nA `lastmodified` attribute is added to Algolia records to eliminate race condition issues related from the Cloud Function cold start.\n\n### Using the extension\n\nThis extension listens to the Cloud Firestore collection `customers`. If you create, update, or delete a document within that collection, this extension will:\n\n- Indexes the document and send all the fields or configured fields defined in the extension.\n- or, removes the record from Algolia index if the document is deleted.\n\n### Monitoring\n\nAs a best practice, you can [monitor the activity](https://firebase.google.com/docs/extensions/manage-installed-extensions#monitor) of your installed extension, including checks on its health, usage, and logs.\n","extensionRef":"algolia/firestore-algolia-search","extensionVersion":"1.2.10","systemParams":{"firebaseextensions.v1beta.function/minInstances":"0","firebaseextensions.v1beta.function/memory":"256","firebaseextensions.v1beta.function/vpcConnectorEgressSettings":"VPC_CONNECTOR_EGRESS_SETTINGS_UNSPECIFIED"}},"lastOperationName":"projects/ayrsteel-2026/operations/676f6291-4c47-4538-9ba9-298fca8dad19","serviceAccountEmail":"ext-firestore-algolia-sea-rkxq@ayrsteel-2026.iam.gserviceaccount.com","lastOperationType":"CONFIGURE","etag":"cf8975f47a203c6d9d8c8e751345ca9a9782c716674f8e13979afc4981c575aa","runtimeData":{"stateUpdateTime":"2026-05-08T06:46:10.053449871Z","processingState":{"state":"PROCESSING_COMPLETE","detailMessage":"Successfully indexed 22 documents in 1184ms."}}},{"name":"projects/ayrsteel-2026/instances/firestore-algolia-search-production-logs","createTime":"2026-05-08T06:11:21.397163Z","updateTime":"2026-05-08T06:16:54.398370Z","state":"ACTIVE","config":{"name":"projects/ayrsteel-2026/instances/firestore-algolia-search-production-logs/configurations/bfaa36d9-c726-4fef-9806-f68103c8cb17","createTime":"2026-05-08T06:11:21.397163Z","source":{"name":"projects/algolia-b2ebc/sources/c88e5006-3a11-4462-98e5-34e38f28ee33","packageUri":"https://storage.googleapis.com/firebase-extensions-packages-prod/algolia-firestore-algolia-search-1.2.11-d17ef143-5063-4a37-abfe-8dc3612a570e.zip","hash":"314531c1e9857437098475aa70e28ac13ef19c20bbb487984d36a63a8c998ef7","extensionRoot":"/","spec":{"specVersion":"v1beta","name":"firestore-algolia-search","version":"1.2.11","description":"Enables full text search of your Cloud Firestore data with Algolia.","roles":[{"role":"datastore.user","reason":"Allows this extension to access Cloud Firestore to read."}],"resources":[{"name":"executeIndexOperation","type":"firebaseextensions.v1beta.function","propertiesYaml":"eventTrigger:\n  eventType: providers/cloud.firestore/eventTypes/document.write\n  resource: projects/${PROJECT_ID}/databases/${DATABASE_ID}/documents/${COLLECTION_PATH}/{documentID}\nlocation: ${LOCATION}\nruntime: nodejs20\n","description":"Firestore document-triggered function that creates, updates, or deletes data in Algolia.","deletionPolicy":"DELETE"},{"name":"executeFullIndexOperation","type":"firebaseextensions.v1beta.function","propertiesYaml":"availableMemoryMb: 1024\nlocation: ${param:LOCATION}\nruntime: nodejs20\ntaskQueueTrigger: {}\ntimeout: 540s\n","description":"Loads all the data from your FireStore database into Algolia","deletionPolicy":"DELETE"}],"billingRequired":true,"author":{"authorName":"Algolia","url":"https://algolia.com"},"contributors":[{"authorName":"Sajid Momin","email":"sajid.momin@algolia.com","url":"https://github.com/smomin"}],"license":"Apache-2.0","sourceUrl":"https://github.com/algolia/firestore-algolia-search/tree/main","params":[{"param":"DATABASE_ID","label":"Database ID","type":"STRING","description":"Enter database that contains the collections that you want to monitor?\n","required":true,"default":"(default)","example":"test","immutable":true},{"param":"COLLECTION_PATH","label":"Collection Path","type":"STRING","description":"What is the path to the Cloud Firestore collection where the extension should monitor for changes?\n","required":true,"example":"store","validationRegex":"^[^/]+(/[^/]+/[^/]+)*$","validationErrorMessage":"Firestore collection paths must be an odd number of segments separated by slashes, e.g. \"movies/{id}/actors\".","immutable":true},{"param":"FIELDS","label":"Indexable Fields","type":"STRING","description":"This can be a comma separated list or left blank to index all fields. For performance reasons, [record size is limited](https://www.algolia.com/doc/guides/sending-and-managing-data/prepare-your-data/in-depth/index-and-records-size-and-usage-limitations/#record-size-limits). If you're receiving errors that your records are too large, refer to the [reducing record size documentation](https://www.algolia.com/doc/guides/sending-and-managing-data/prepare-your-data/how-to/reducing-object-size/).\n","example":"name,category,price,sales"},{"param":"FORCE_DATA_SYNC","label":"Force Data Sync","type":"SELECT","description":"The extension uses approaches to mitigate race conditions but it might not be a 100% fool proof.  This setting will make sure the function is using the latest data from Firestore by making another read call before processing and sending to Algolia.  note: This will be a add to your usage of Firestore.","options":[{"value":"no","label":"No"},{"value":"yes","label":"Yes"}],"default":"no"},{"param":"ALGOLIA_INDEX_NAME","label":"Algolia Index Name","type":"STRING","description":"This is the name of the [Algolia index](https://www.algolia.com/doc/faq/basics/what-is-an-index/) where the records will be persisted. Refer to [naming your index](https://www.algolia.com/doc/guides/sending-and-managing-data/send-and-update-your-data/#naming-your-index) for more information.","required":true},{"param":"ALGOLIA_APP_ID","label":"Algolia Application Id","type":"STRING","description":"This is the Algolia application you want to index your data to. You can find your credentials including application ID on your Algolia dashboard, under the [API keys tab](https://dashboard.algolia.com/account/api-keys).","required":true},{"param":"ALGOLIA_API_KEY","label":"Algolia API Key","type":"SECRET","description":"We recommend [creating a new API key](https://www.algolia.com/doc/guides/security/api-keys/#creating-and-managing-api-keys) with \"addObject\", \"deleteObject\", \"listIndexes\", \"deleteIndex\", \"editSettings\", and \"settings\" permissions. **Do not use the Admin API key**.","required":true},{"param":"ALT_OBJECT_ID","label":"Alternative Object Id","type":"STRING","description":"Specify an alternative Firestore document property to use for the Algolia record Id.  Use `(path)` if the document path is desired as the Algolia ObjectID.  The default is the Firestore document Id. **If you set this property, make sure to clear out the Algolia Index since the ObjectID will be different resulting in duplicate records.**"},{"param":"TRANSFORM_FUNCTION","label":"Transform Function Name (Experimental)","type":"STRING","description":"Specify a Firebase Cloud Function for any data transformation before saving into Algolia. Refer to [Call functions for your app](https://firebase.google.com/docs/functions/callable)."},{"param":"DO_FULL_INDEXING","label":"Full Index existing documents?","type":"SELECT","description":"Should existing documents in the Firestore collection be indexed as well?\n","required":true,"options":[{"value":"true","label":"Yes"},{"value":"false","label":"No"}]},{"param":"LOCATION","label":"Cloud Functions location","type":"SELECT","description":"Where do you want to deploy the functions created for this extension? You usually want a location close to your database. For help selecting a location, refer to the [location selection guide](https://firebase.google.com/docs/functions/locations).","required":true,"options":[{"value":"us-central1","label":"Iowa (us-central1)"},{"value":"us-east1","label":"South Carolina (us-east1)"},{"value":"us-east4","label":"Northern Virginia (us-east4)"},{"value":"us-west2","label":"Los Angeles (us-west2)"},{"value":"us-west3","label":"Salt Lake City (us-west3)"},{"value":"us-west4","label":"Las Vegas (us-west4)"},{"value":"europe-central2","label":"Warsaw (europe-central2)"},{"value":"europe-west1","label":"Belgium (europe-west1)"},{"value":"europe-west2","label":"London (europe-west2)"},{"value":"europe-west3","label":"Frankfurt (europe-west3)"},{"value":"europe-west6","label":"Zurich (europe-west6)"},{"value":"asia-east2","label":"Hong Kong (asia-east2)"},{"value":"asia-northeast1","label":"Tokyo (asia-northeast1)"},{"value":"asia-northeast2","label":"Osaka (asia-northeast2)"},{"value":"asia-northeast3","label":"Seoul (asia-northeast3)"},{"value":"asia-south1","label":"Mumbai (asia-south1)"},{"value":"asia-southeast2","label":"Jakarta (asia-southeast2)"},{"value":"northamerica-northeast1","label":"Montreal (northamerica-northeast1)"},{"value":"southamerica-east1","label":"Sao Paulo (southamerica-east1)"},{"value":"australia-southeast1","label":"Sydney (australia-southeast1)"}],"immutable":true}],"preinstallContent":"Use this extension to index your Cloud Firestore data to Algolia and keep it synced.  The extension is applied and configured on a Firestore [collection](https://firebase.google.com/docs/firestore/data-model#collections).\n\nThis extension listens for changes on the specified collection. If you add a [document](https://firebase.google.com/docs/firestore/data-model#documents), the extension indexes it as a [record in Algolia](https://www.algolia.com/doc/faq/basics/what-is-a-record/). The extension only indexes the fields defined in the extension configuration and uses the [document Id](https://firebase.google.com/docs/firestore/manage-data/add-data#add_a_document) as the Algolia [object Id](https://www.algolia.com/doc/guides/sending-and-managing-data/send-and-update-your-data/#using-unique-object-identifiers).\n\nAnytime you update a document, the extension propagates the update to the corresponding Algolia record. If you delete a document, the extension removes the corresponding Algolia record.\n\n#### Important\n\nUpon installation or when the extension's configuration is changed, the documents in the specified collection will be synced to Algolia.\n\n#### Additional setup\n\nBefore installing this extension, make sure that you've\n[set up a Cloud Firestore database](https://firebase.google.com/docs/firestore/quickstart)\nin your Firebase project.\n\nYou must also have an Algolia account set up before installing this\nextension. You can do so on the [Algolia](https://www.algolia.com/) site.\n\n#### Billing\n\nThis extension uses the following Firebase services which may have associated charges:\n\n- Cloud Firestore\n- Cloud Functions\n\nThis extension also uses the following third-party services:\n\n- Algolia ([pricing information](https://www.algolia.com/pricing))\n\nYou are responsible for any costs associated with your use of these services.\n\n#### Note from Firebase\n\nTo install this extension, your Firebase project must be on the Blaze (pay-as-you-go) plan. You will only be charged for the resources you use. Most Firebase services offer a free tier for low-volume use. [Learn more about Firebase billing.](https://firebase.google.com/pricing)\n\nYou will be billed a small amount (typically less than $0.10) when you install or reconfigure this extension. See Cloud Functions under [Firebase Pricing](https://firebase.google.com/pricing) for a detailed explanation.\n","postinstallContent":"### See it in action\n\nYou can test out this extension right away:\n\n1.  Go to the [Cloud Firestore tab](https://console.firebase.google.com/project/${param:PROJECT_ID}/database/firestore/data).\n\n1.  If it doesn't exist already, create a collection called `${param:COLLECTION_PATH}`.\n\n1.  Create, update, or delete a document in the `${param:COLLECTION_PATH}` collection.  Go to Algolia's dashboard and verify in Algolia that a record is created, updated, or deleted in the `${param:ALGOLIA_INDEX_NAME}` index for application id `${param:ALGOLIA_APP_ID}`.\n\n### Collection import\n\nIf the collection named `${param:COLLECTION_PATH}` exists, the extension has begun importing documents into the `${param:ALGOLIA_INDEX_NAME}` Algolia Index. Additionally, a full reindex will occur each time the extension's configuration changes.\n\nA `lastmodified` attribute is added to Algolia records to eliminate race condition issues related from the Cloud Function cold start.\n\n### Using the extension\n\nThis extension listens to the Cloud Firestore collection `${param:COLLECTION_PATH}`. If you create, update, or delete a document within that collection, this extension will:\n\n- Indexes the document and send all the fields or configured fields defined in the extension.\n- or, removes the record from Algolia index if the document is deleted.\n\n### Monitoring\n\nAs a best practice, you can [monitor the activity](https://firebase.google.com/docs/extensions/manage-installed-extensions#monitor) of your installed extension, including checks on its health, usage, and logs.\n","readmeContent":"# Search Firestore with Algolia\n\n**Author**: Algolia (**[https://www.algolia.com](https://www.algolia.com)**)\n\n**Description**: Enable full text search of your Cloud Firestore data with Algolia.\n\n**Details**: Use this extension to index your Cloud Firestore data to [Algolia](https://www.algolia.com/doc/) and keep it synced.\n\nYou can then [configure your relevance](/doc/guides/getting-started/how-algolia-works/in-depth/implementation-process/#configuring-relevance) using the [Algolia dashboard](https://www.algolia.com/dashboard) or [API clients](/doc/api-client/getting-started/install/javascript/). From there, you can use Algolia's [front-end libraries](/doc/guides/building-search-ui/what-is-instantsearch/js/) to incorporate search components into your Firebase app's UI.\n\n---\n\nWe welcome [bug reports and feature requests](https://github.com/algolia/firestore-algolia-search/issues/new) as well as pull requests in this GitHub repository.\n\n### Firebase CLI\n\n```bash\nfirebase ext:install algolia/firestore-algolia-search --project=<your-project-id>\n```\n\n> Learn more about installing extensions in the Firebase Extensions documentation: [console](https://firebase.google.com/docs/extensions/install-extensions?platform=console), [CLI](https://firebase.google.com/docs/extensions/install-extensions?platform=cli)\n\n---\n\n#### Details\n\nUse this extension to index your Cloud Firestore data to Algolia and keep it synced.  The extension is applied and configured on a Firestore [collection](https://firebase.google.com/docs/firestore/data-model#collections) or [subcollection](https://firebase.google.com/docs/firestore/data-model#subcollections).\n\nThis extension listens for changes on the specified collection. If you add a [document](https://firebase.google.com/docs/firestore/data-model#documents), the extension indexes it as a [record in Algolia](https://www.algolia.com/doc/faq/basics/what-is-a-record/). The extension only indexes the fields defined in the extension configuration and uses the [document Id](https://firebase.google.com/docs/firestore/manage-data/add-data#add_a_document) as the Algolia [object Id](https://www.algolia.com/doc/guides/sending-and-managing-data/send-and-update-your-data/#using-unique-object-identifiers).\n\nAnytime you update a document, the extension propagates the update to the corresponding Algolia record. If you delete a document, the extension removes the corresponding Algolia record.\n\n#### Additional setup\n\nBefore installing this extension, make sure that you've set up:\n- [Cloud Firestore database](https://firebase.google.com/docs/firestore/quickstart) in your Firebase project.\n- [Algolia](https://www.algolia.com/) account.\n\n\n#### Billing\n\nThis extension uses the following Firebase services which may have associated charges:\n\n- Cloud Firestore\n- Cloud Functions\n\nThis extension also uses the following third-party services:\n\n- Algolia ([pricing information](https://www.algolia.com/pricing))\n\nYou are responsible for any costs associated with your use of these services.\n\n#### Note from Firebase\n\nTo install this extension, your Firebase project must be on the Blaze (pay-as-you-go) plan. You will only be charged for the resources you use. Most Firebase services offer a free tier for low-volume use. [Learn more about Firebase billing.](https://firebase.google.com/pricing)\n\nYou will be billed a small amount (typically less than $0.10) when you install or reconfigure this extension. See Cloud Functions under [Firebase Pricing](https://firebase.google.com/pricing) for a detailed explanation.\n\n#### Configuration Parameters\n\nCloud Functions Location: Where do you want to deploy the functions created for this extension?\n  You usually want a location close to your database.\n  For help selecting a location, refer to the\n  [location selection guide](https://firebase.google.com/docs/functions/locations).\n- Database Id: Enter the database id that contains the collection(s) that you want to monitor?\n  Firebase supports [multiple databases](https://cloud.google.com/blog/products/databases/manage-multiple-firestore-databases-in-a-project) in a project.  In order to use a non default database, enter the database Id.\n\n- Collection Path: What is the path to the Cloud Firestore collection where the extension should monitor for changes?\n  For subcollection, the syntax is `parent_collection/{parentId}/target_collection`. (please note, there is not depublication process on subcollections).\n\n- Fields: What document fields should be indexed to provide the best search experience? For more information on which fields to index to Algolia, see the [Algolia documentation on records](https://www.algolia.com/doc/guides/sending-and-managing-data/prepare-your-data/#algolia-records).\n  This can be a comma separated list or left blank to index all fields.\n  For performance reasons, [record size is limited](https://www.algolia.com/doc/guides/sending-and-managing-data/prepare-your-data/in-depth/index-and-records-size-and-usage-limitations/#record-size-limits).\n  If you're receiving errors that your records are too large, refer to the [reducing record size documentation](https://www.algolia.com/doc/guides/sending-and-managing-data/prepare-your-data/how-to/reducing-object-size/).\n\n- Force Data Sync: Are you facing data inconsistent issues possibly due to race conditions?\n  This setting will make sure the function is using the latest data from Firestore by making another read call before processing and sending to Algolia.\n\n- Algolia Application ID: What is the Algolia Application Id?\n  This is the Algolia application you want to index your data to.\n  You can find your credentials including application ID on your Algolia dashboard,\n  under the [API keys tab](https://www.algolia.com/api-keys).\n\n- Algolia API Key: What is your Algolia API key?\n  We recommend [creating a new API key](https://www.algolia.com/doc/guides/security/api-keys/#creating-and-managing-api-keys)\n  with \"addObject\", \"deleteObject\", \"listIndexes\", \"deleteIndex\", \"editSettings\", and \"settings\" permissions.\n  **Do not use the Admin API key**.\n\n- Algolia Index Name: What is the Algolia index name?\n  This is the name of the [Algolia index](https://www.algolia.com/doc/faq/basics/what-is-an-index/)\n  where the records will be persisted.\n  Refer to [naming your index](https://www.algolia.com/doc/guides/sending-and-managing-data/send-and-update-your-data/#naming-your-index) for more information.\n\n- Alternative Object Id: Are you looking to use another Firestore document property or document path as the Algolia ObjectID?\n  Specify an alternative Firestore document property to use for the Algolia record Id.  Use `(path)` if the document path is desired as the Algolia ObjectID.  The default is the Firestore document Id.\n  **If you set this property, make sure to clear out the Algolia Index since the ObjectID will be different resulting in duplicate records.**\n\n- Transform Function Name (experimental): What is the Firebase Cloud Function Name?\n  This is the name of the Firestore Cloud Function for transforming the data before transmitting to Algolia for indexing.\n  This function should be deployed to the same Firebase Project and Location as the Firestore/Algolia extension.\n  Refer to [Call functions for your app](https://firebase.google.com/docs/functions/callable).\n  Below is an example of a Transform function used for my testing:\n  ```javascript\n    import * as functions from \"firebase-functions\";\n\n    const doStuffToData = (payload: any) => {\n      return {\n      ...payload,\n      \"hello\": \"world\",\n      };\n    };\n\n    export const helloWorld = functions.https.onCall((payload) => {\n      const transformedData = doStuffToData(payload);\n      return transformedData;\n    });\n  ```\n  **Note**: The Transform Firebase Function should be set up to unauthenticated users at this time.\n\n#### Cloud Functions\n\n- **executeIndexOperation:** Firestore document-triggered function that creates, updates, or deletes data in Algolia.\n","externalServices":[{"name":"Algolia","pricingUri":"https://algolia.com/pricing"}],"lifecycleEvents":[{"stage":"ON_INSTALL","processingMessage":"Indexing existing documents in ${COLLECTION_PATH}","taskQueueTriggerFunction":"executeFullIndexOperation"},{"stage":"ON_UPDATE","processingMessage":"Indexing existing documents in ${COLLECTION_PATH}","taskQueueTriggerFunction":"executeFullIndexOperation"},{"stage":"ON_CONFIGURE","processingMessage":"Indexing existing documents in ${COLLECTION_PATH}","taskQueueTriggerFunction":"executeFullIndexOperation"}],"displayName":"Search Firestore with Algolia","tags":["ai","search","semantic-search","vector-search","text-search"]},"fetchTime":"2026-03-24T15:37:23.193518Z","lastOperationName":"projects/algolia-b2ebc/operations/499453ed-0a9e-44df-a020-8a56025d1e3d","state":"ACTIVE"},"params":{"COLLECTION_PATH":"production_logs","DO_FULL_INDEXING":"true","LOCATION":"us-central1","DATABASE_ID":"(default)","ALGOLIA_INDEX_NAME":"production_logs_index","FIELDS":"parentCoilId,sku,status,timestamp","FORCE_DATA_SYNC":"yes","ALGOLIA_APP_ID":"AJ7782YU4W","ALGOLIA_API_KEY":"projects/810582164122/secrets/firestore-algolia-search-production-logs-ALGOLIA_API_KEY/versions/1"},"populatedPostinstallContent":"### See it in action\n\nYou can test out this extension right away:\n\n1.  Go to the [Cloud Firestore tab](https://console.firebase.google.com/project/ayrsteel-2026/database/firestore/data).\n\n1.  If it doesn't exist already, create a collection called `production_logs`.\n\n1.  Create, update, or delete a document in the `production_logs` collection.  Go to Algolia's dashboard and verify in Algolia that a record is created, updated, or deleted in the `production_logs_index` index for application id `AJ7782YU4W`.\n\n### Collection import\n\nIf the collection named `production_logs` exists, the extension has begun importing documents into the `production_logs_index` Algolia Index. Additionally, a full reindex will occur each time the extension's configuration changes.\n\nA `lastmodified` attribute is added to Algolia records to eliminate race condition issues related from the Cloud Function cold start.\n\n### Using the extension\n\nThis extension listens to the Cloud Firestore collection `production_logs`. If you create, update, or delete a document within that collection, this extension will:\n\n- Indexes the document and send all the fields or configured fields defined in the extension.\n- or, removes the record from Algolia index if the document is deleted.\n\n### Monitoring\n\nAs a best practice, you can [monitor the activity](https://firebase.google.com/docs/extensions/manage-installed-extensions#monitor) of your installed extension, including checks on its health, usage, and logs.\n","extensionRef":"algolia/firestore-algolia-search","extensionVersion":"1.2.11","systemParams":{"firebaseextensions.v1beta.function/minInstances":"0","firebaseextensions.v1beta.function/memory":"256","firebaseextensions.v1beta.function/vpcConnectorEgressSettings":"VPC_CONNECTOR_EGRESS_SETTINGS_UNSPECIFIED"}},"lastOperationName":"projects/ayrsteel-2026/operations/3c15a4e2-596d-4790-a240-cb10f0246ded","serviceAccountEmail":"ext-firestore-algolia-sea-nn17@ayrsteel-2026.iam.gserviceaccount.com","lastOperationType":"CREATE","etag":"a12793d4e2525fc5ca9a8aeeb5b6763be683a04eda7f43e5f01b9c1187771ae7","runtimeData":{"stateUpdateTime":"2026-05-08T06:18:40.573875043Z","processingState":{"state":"PROCESSING_COMPLETE","detailMessage":"Successfully indexed 41 documents in 1188ms."}}},{"name":"projects/ayrsteel-2026/instances/firestore-algolia-search-sales","createTime":"2026-03-20T00:44:18.239414Z","updateTime":"2026-03-20T00:49:30.170023Z","state":"ACTIVE","config":{"name":"projects/ayrsteel-2026/instances/firestore-algolia-search-sales/configurations/20766a19-53f8-4c7d-9bd7-7e8f786847d9","createTime":"2026-03-20T00:44:18.239414Z","source":{"name":"projects/algolia-b2ebc/sources/f2a0dfae-c9fe-4d81-9270-e2ab97341336","packageUri":"https://storage.googleapis.com/firebase-extensions-packages-prod/algolia-firestore-algolia-search-1.2.10-ad77104c-e1df-4d73-9be7-e56937a83bea.zip","hash":"bf3bebef836a4d00847d8766756acb75d2dff6b3b089488bd6c90ac03c38ff57","extensionRoot":"/","spec":{"specVersion":"v1beta","name":"firestore-algolia-search","version":"1.2.10","description":"Enables full text search of your Cloud Firestore data with Algolia.","roles":[{"role":"datastore.user","reason":"Allows this extension to access Cloud Firestore to read."}],"resources":[{"name":"executeIndexOperation","type":"firebaseextensions.v1beta.function","propertiesYaml":"eventTrigger:\n  eventType: providers/cloud.firestore/eventTypes/document.write\n  resource: projects/${PROJECT_ID}/databases/${DATABASE_ID}/documents/${COLLECTION_PATH}/{documentID}\nlocation: ${LOCATION}\nruntime: nodejs20\n","description":"Firestore document-triggered function that creates, updates, or deletes data in Algolia.","deletionPolicy":"DELETE"},{"name":"executeFullIndexOperation","type":"firebaseextensions.v1beta.function","propertiesYaml":"availableMemoryMb: 1024\nlocation: ${param:LOCATION}\nruntime: nodejs20\ntaskQueueTrigger: {}\ntimeout: 540s\n","description":"Loads all the data from your FireStore database into Algolia","deletionPolicy":"DELETE"}],"billingRequired":true,"author":{"authorName":"Algolia","url":"https://algolia.com"},"contributors":[{"authorName":"Sajid Momin","email":"sajid.momin@algolia.com","url":"https://github.com/smomin"}],"license":"Apache-2.0","sourceUrl":"https://github.com/algolia/firestore-algolia-search/tree/main","params":[{"param":"DATABASE_ID","label":"Database ID","type":"STRING","description":"Enter database that contains the collections that you want to monitor?\n","required":true,"default":"(default)","example":"test","immutable":true},{"param":"COLLECTION_PATH","label":"Collection Path","type":"STRING","description":"What is the path to the Cloud Firestore collection where the extension should monitor for changes?\n","required":true,"example":"store","validationRegex":"^[^/]+(/[^/]+/[^/]+)*$","validationErrorMessage":"Firestore collection paths must be an odd number of segments separated by slashes, e.g. \"movies/{id}/actors\".","immutable":true},{"param":"FIELDS","label":"Indexable Fields","type":"STRING","description":"This can be a comma separated list or left blank to index all fields. For performance reasons, [record size is limited](https://www.algolia.com/doc/guides/sending-and-managing-data/prepare-your-data/in-depth/index-and-records-size-and-usage-limitations/#record-size-limits). If you're receiving errors that your records are too large, refer to the [reducing record size documentation](https://www.algolia.com/doc/guides/sending-and-managing-data/prepare-your-data/how-to/reducing-object-size/).\n","example":"name,category,price,sales"},{"param":"FORCE_DATA_SYNC","label":"Force Data Sync","type":"SELECT","description":"The extension uses approaches to mitigate race conditions but it might not be a 100% fool proof.  This setting will make sure the function is using the latest data from Firestore by making another read call before processing and sending to Algolia.  note: This will be a add to your usage of Firestore.","options":[{"value":"no","label":"No"},{"value":"yes","label":"Yes"}],"default":"no"},{"param":"ALGOLIA_INDEX_NAME","label":"Algolia Index Name","type":"STRING","description":"This is the name of the [Algolia index](https://www.algolia.com/doc/faq/basics/what-is-an-index/) where the records will be persisted. Refer to [naming your index](https://www.algolia.com/doc/guides/sending-and-managing-data/send-and-update-your-data/#naming-your-index) for more information.","required":true},{"param":"ALGOLIA_APP_ID","label":"Algolia Application Id","type":"STRING","description":"This is the Algolia application you want to index your data to. You can find your credentials including application ID on your Algolia dashboard, under the [API keys tab](https://www.algolia.com/api-keys).","required":true},{"param":"ALGOLIA_API_KEY","label":"Algolia API Key","type":"SECRET","description":"We recommend [creating a new API key](https://www.algolia.com/doc/guides/security/api-keys/#creating-and-managing-api-keys) with \"addObject\", \"deleteObject\", \"listIndexes\", \"deleteIndex\", \"editSettings\", and \"settings\" permissions. **Do not use the Admin API key**.","required":true},{"param":"ALT_OBJECT_ID","label":"Alternative Object Id","type":"STRING","description":"Specify an alternative Firestore document property to use for the Algolia record Id.  Use `(path)` if the document path is desired as the Algolia ObjectID.  The default is the Firestore document Id. **If you set this property, make sure to clear out the Algolia Index since the ObjectID will be different resulting in duplicate records.**"},{"param":"TRANSFORM_FUNCTION","label":"Transform Function Name (Experimental)","type":"STRING","description":"Specify a Firebase Cloud Function for any data transformation before saving into Algolia. Refer to [Call functions for your app](https://firebase.google.com/docs/functions/callable)."},{"param":"DO_FULL_INDEXING","label":"Full Index existing documents?","type":"SELECT","description":"Should existing documents in the Firestore collection be indexed as well?\n","required":true,"options":[{"value":"true","label":"Yes"},{"value":"false","label":"No"}]},{"param":"LOCATION","label":"Cloud Functions location","type":"SELECT","description":"Where do you want to deploy the functions created for this extension? You usually want a location close to your database. For help selecting a location, refer to the [location selection guide](https://firebase.google.com/docs/functions/locations).","required":true,"options":[{"value":"us-central1","label":"Iowa (us-central1)"},{"value":"us-east1","label":"South Carolina (us-east1)"},{"value":"us-east4","label":"Northern Virginia (us-east4)"},{"value":"us-west2","label":"Los Angeles (us-west2)"},{"value":"us-west3","label":"Salt Lake City (us-west3)"},{"value":"us-west4","label":"Las Vegas (us-west4)"},{"value":"europe-central2","label":"Warsaw (europe-central2)"},{"value":"europe-west1","label":"Belgium (europe-west1)"},{"value":"europe-west2","label":"London (europe-west2)"},{"value":"europe-west3","label":"Frankfurt (europe-west3)"},{"value":"europe-west6","label":"Zurich (europe-west6)"},{"value":"asia-east2","label":"Hong Kong (asia-east2)"},{"value":"asia-northeast1","label":"Tokyo (asia-northeast1)"},{"value":"asia-northeast2","label":"Osaka (asia-northeast2)"},{"value":"asia-northeast3","label":"Seoul (asia-northeast3)"},{"value":"asia-south1","label":"Mumbai (asia-south1)"},{"value":"asia-southeast2","label":"Jakarta (asia-southeast2)"},{"value":"northamerica-northeast1","label":"Montreal (northamerica-northeast1)"},{"value":"southamerica-east1","label":"Sao Paulo (southamerica-east1)"},{"value":"australia-southeast1","label":"Sydney (australia-southeast1)"}],"immutable":true}],"preinstallContent":"Use this extension to index your Cloud Firestore data to Algolia and keep it synced.  The extension is applied and configured on a Firestore [collection](https://firebase.google.com/docs/firestore/data-model#collections).\n\nThis extension listens for changes on the specified collection. If you add a [document](https://firebase.google.com/docs/firestore/data-model#documents), the extension indexes it as a [record in Algolia](https://www.algolia.com/doc/faq/basics/what-is-a-record/). The extension only indexes the fields defined in the extension configuration and uses the [document Id](https://firebase.google.com/docs/firestore/manage-data/add-data#add_a_document) as the Algolia [object Id](https://www.algolia.com/doc/guides/sending-and-managing-data/send-and-update-your-data/#using-unique-object-identifiers).\n\nAnytime you update a document, the extension propagates the update to the corresponding Algolia record. If you delete a document, the extension removes the corresponding Algolia record.\n\n#### Important\n\nUpon installation or when the extension's configuration is changed, the documents in the specified collection will be synced to Algolia.\n\n#### Additional setup\n\nBefore installing this extension, make sure that you've\n[set up a Cloud Firestore database](https://firebase.google.com/docs/firestore/quickstart)\nin your Firebase project.\n\nYou must also have an Algolia account set up before installing this\nextension. You can do so on the [Algolia](https://www.algolia.com/) site.\n\n#### Billing\n\nThis extension uses the following Firebase services which may have associated charges:\n\n- Cloud Firestore\n- Cloud Functions\n\nThis extension also uses the following third-party services:\n\n- Algolia ([pricing information](https://www.algolia.com/pricing))\n\nYou are responsible for any costs associated with your use of these services.\n\n#### Note from Firebase\n\nTo install this extension, your Firebase project must be on the Blaze (pay-as-you-go) plan. You will only be charged for the resources you use. Most Firebase services offer a free tier for low-volume use. [Learn more about Firebase billing.](https://firebase.google.com/pricing)\n\nYou will be billed a small amount (typically less than $0.10) when you install or reconfigure this extension. See Cloud Functions under [Firebase Pricing](https://firebase.google.com/pricing) for a detailed explanation.\n","postinstallContent":"### See it in action\n\nYou can test out this extension right away:\n\n1.  Go to the [Cloud Firestore tab](https://console.firebase.google.com/project/${param:PROJECT_ID}/database/firestore/data).\n\n1.  If it doesn't exist already, create a collection called `${param:COLLECTION_PATH}`.\n\n1.  Create, update, or delete a document in the `${param:COLLECTION_PATH}` collection.  Go to Algolia's dashboard and verify in Algolia that a record is created, updated, or deleted in the `${param:ALGOLIA_INDEX_NAME}` index for application id `${param:ALGOLIA_APP_ID}`.\n\n### Collection import\n\nIf the collection named `${param:COLLECTION_PATH}` exists, the extension has begun importing documents into the `${param:ALGOLIA_INDEX_NAME}` Algolia Index. Additionally, a full reindex will occur each time the extension's configuration changes.\n\nA `lastmodified` attribute is added to Algolia records to eliminate race condition issues related from the Cloud Function cold start.\n\n### Using the extension\n\nThis extension listens to the Cloud Firestore collection `${param:COLLECTION_PATH}`. If you create, update, or delete a document within that collection, this extension will:\n\n- Indexes the document and send all the fields or configured fields defined in the extension.\n- or, removes the record from Algolia index if the document is deleted.\n\n### Monitoring\n\nAs a best practice, you can [monitor the activity](https://firebase.google.com/docs/extensions/manage-installed-extensions#monitor) of your installed extension, including checks on its health, usage, and logs.\n","readmeContent":"# Search Firestore with Algolia\n\n**Author**: Algolia (**[https://www.algolia.com](https://www.algolia.com)**)\n\n**Description**: Enable full text search of your Cloud Firestore data with Algolia.\n\n**Details**: Use this extension to index your Cloud Firestore data to [Algolia](https://www.algolia.com/doc/) and keep it synced.\n\nYou can then [configure your relevance](/doc/guides/getting-started/how-algolia-works/in-depth/implementation-process/#configuring-relevance) using the [Algolia dashboard](https://www.algolia.com/dashboard) or [API clients](/doc/api-client/getting-started/install/javascript/). From there, you can use Algolia's [front-end libraries](/doc/guides/building-search-ui/what-is-instantsearch/js/) to incorporate search components into your Firebase app's UI.\n\n---\n\nWe welcome [bug reports and feature requests](https://github.com/algolia/firestore-algolia-search/issues/new) as well as pull requests in this GitHub repository.\n\n### Firebase CLI\n\n```bash\nfirebase ext:install algolia/firestore-algolia-search --project=<your-project-id>\n```\n\n> Learn more about installing extensions in the Firebase Extensions documentation: [console](https://firebase.google.com/docs/extensions/install-extensions?platform=console), [CLI](https://firebase.google.com/docs/extensions/install-extensions?platform=cli)\n\n---\n\n#### Details\n\nUse this extension to index your Cloud Firestore data to Algolia and keep it synced.  The extension is applied and configured on a Firestore [collection](https://firebase.google.com/docs/firestore/data-model#collections) or [subcollection](https://firebase.google.com/docs/firestore/data-model#subcollections).\n\nThis extension listens for changes on the specified collection. If you add a [document](https://firebase.google.com/docs/firestore/data-model#documents), the extension indexes it as a [record in Algolia](https://www.algolia.com/doc/faq/basics/what-is-a-record/). The extension only indexes the fields defined in the extension configuration and uses the [document Id](https://firebase.google.com/docs/firestore/manage-data/add-data#add_a_document) as the Algolia [object Id](https://www.algolia.com/doc/guides/sending-and-managing-data/send-and-update-your-data/#using-unique-object-identifiers).\n\nAnytime you update a document, the extension propagates the update to the corresponding Algolia record. If you delete a document, the extension removes the corresponding Algolia record.\n\n#### Additional setup\n\nBefore installing this extension, make sure that you've set up:\n- [Cloud Firestore database](https://firebase.google.com/docs/firestore/quickstart) in your Firebase project.\n- [Algolia](https://www.algolia.com/) account.\n\n\n#### Billing\n\nThis extension uses the following Firebase services which may have associated charges:\n\n- Cloud Firestore\n- Cloud Functions\n\nThis extension also uses the following third-party services:\n\n- Algolia ([pricing information](https://www.algolia.com/pricing))\n\nYou are responsible for any costs associated with your use of these services.\n\n#### Note from Firebase\n\nTo install this extension, your Firebase project must be on the Blaze (pay-as-you-go) plan. You will only be charged for the resources you use. Most Firebase services offer a free tier for low-volume use. [Learn more about Firebase billing.](https://firebase.google.com/pricing)\n\nYou will be billed a small amount (typically less than $0.10) when you install or reconfigure this extension. See Cloud Functions under [Firebase Pricing](https://firebase.google.com/pricing) for a detailed explanation.\n\n#### Configuration Parameters\n\nCloud Functions Location: Where do you want to deploy the functions created for this extension?\n  You usually want a location close to your database.\n  For help selecting a location, refer to the\n  [location selection guide](https://firebase.google.com/docs/functions/locations).\n- Database Id: Enter the database id that contains the collection(s) that you want to monitor?\n  Firebase supports [multiple databases](https://cloud.google.com/blog/products/databases/manage-multiple-firestore-databases-in-a-project) in a project.  In order to use a non default database, enter the database Id.\n\n- Collection Path: What is the path to the Cloud Firestore collection where the extension should monitor for changes?\n  For subcollection, the syntax is `parent_collection/{parentId}/target_collection`. (please note, there is not depublication process on subcollections).\n\n- Fields: What document fields should be indexed to provide the best search experience? For more information on which fields to index to Algolia, see the [Algolia documentation on records](https://www.algolia.com/doc/guides/sending-and-managing-data/prepare-your-data/#algolia-records).\n  This can be a comma separated list or left blank to index all fields.\n  For performance reasons, [record size is limited](https://www.algolia.com/doc/guides/sending-and-managing-data/prepare-your-data/in-depth/index-and-records-size-and-usage-limitations/#record-size-limits).\n  If you're receiving errors that your records are too large, refer to the [reducing record size documentation](https://www.algolia.com/doc/guides/sending-and-managing-data/prepare-your-data/how-to/reducing-object-size/).\n\n- Force Data Sync: Are you facing data inconsistent issues possibly due to race conditions?\n  This setting will make sure the function is using the latest data from Firestore by making another read call before processing and sending to Algolia.\n\n- Algolia Application ID: What is the Algolia Application Id?\n  This is the Algolia application you want to index your data to.\n  You can find your credentials including application ID on your Algolia dashboard,\n  under the [API keys tab](https://www.algolia.com/api-keys).\n\n- Algolia API Key: What is your Algolia API key?\n  We recommend [creating a new API key](https://www.algolia.com/doc/guides/security/api-keys/#creating-and-managing-api-keys)\n  with \"addObject\", \"deleteObject\", \"listIndexes\", \"deleteIndex\", \"editSettings\", and \"settings\" permissions.\n  **Do not use the Admin API key**.\n\n- Algolia Index Name: What is the Algolia index name?\n  This is the name of the [Algolia index](https://www.algolia.com/doc/faq/basics/what-is-an-index/)\n  where the records will be persisted.\n  Refer to [naming your index](https://www.algolia.com/doc/guides/sending-and-managing-data/send-and-update-your-data/#naming-your-index) for more information.\n\n- Alternative Object Id: Are you looking to use another Firestore document property or document path as the Algolia ObjectID?\n  Specify an alternative Firestore document property to use for the Algolia record Id.  Use `(path)` if the document path is desired as the Algolia ObjectID.  The default is the Firestore document Id.\n  **If you set this property, make sure to clear out the Algolia Index since the ObjectID will be different resulting in duplicate records.**\n\n- Transform Function Name (experimental): What is the Firebase Cloud Function Name?\n  This is the name of the Firestore Cloud Function for transforming the data before transmitting to Algolia for indexing.\n  This function should be deployed to the same Firebase Project and Location as the Firestore/Algolia extension.\n  Refer to [Call functions for your app](https://firebase.google.com/docs/functions/callable).\n  Below is an example of a Transform function used for my testing:\n  ```javascript\n    import * as functions from \"firebase-functions\";\n\n    const doStuffToData = (payload: any) => {\n      return {\n      ...payload,\n      \"hello\": \"world\",\n      };\n    };\n\n    export const helloWorld = functions.https.onCall((payload) => {\n      const transformedData = doStuffToData(payload);\n      return transformedData;\n    });\n  ```\n  **Note**: The Transform Firebase Function should be set up to unauthenticated users at this time.\n\n#### Cloud Functions\n\n- **executeIndexOperation:** Firestore document-triggered function that creates, updates, or deletes data in Algolia.\n","externalServices":[{"name":"Algolia","pricingUri":"https://algolia.com/pricing"}],"lifecycleEvents":[{"stage":"ON_INSTALL","processingMessage":"Indexing existing documents in ${COLLECTION_PATH}","taskQueueTriggerFunction":"executeFullIndexOperation"},{"stage":"ON_UPDATE","processingMessage":"Indexing existing documents in ${COLLECTION_PATH}","taskQueueTriggerFunction":"executeFullIndexOperation"},{"stage":"ON_CONFIGURE","processingMessage":"Indexing existing documents in ${COLLECTION_PATH}","taskQueueTriggerFunction":"executeFullIndexOperation"}],"displayName":"Search Firestore with Algolia","tags":["ai","search","semantic-search","vector-search","text-search"]},"fetchTime":"2025-05-16T17:02:12.063897Z","lastOperationName":"projects/algolia-b2ebc/operations/87e61176-16d6-4819-93cf-10e09387bdcb","state":"ACTIVE"},"params":{"FIELDS":"customerName, documentNumber, totalAmount, status, sellerId, timestamp","FORCE_DATA_SYNC":"yes","COLLECTION_PATH":"sales","ALGOLIA_API_KEY":"projects/810582164122/secrets/firestore-algolia-search-sales-ALGOLIA_API_KEY/versions/1","DATABASE_ID":"(default)","ALGOLIA_INDEX_NAME":"sales_index","ALGOLIA_APP_ID":"AJ7782YU4W","DO_FULL_INDEXING":"true","LOCATION":"us-central1"},"populatedPostinstallContent":"### See it in action\n\nYou can test out this extension right away:\n\n1.  Go to the [Cloud Firestore tab](https://console.firebase.google.com/project/ayrsteel-2026/database/firestore/data).\n\n1.  If it doesn't exist already, create a collection called `sales`.\n\n1.  Create, update, or delete a document in the `sales` collection.  Go to Algolia's dashboard and verify in Algolia that a record is created, updated, or deleted in the `sales_index` index for application id `AJ7782YU4W`.\n\n### Collection import\n\nIf the collection named `sales` exists, the extension has begun importing documents into the `sales_index` Algolia Index. Additionally, a full reindex will occur each time the extension's configuration changes.\n\nA `lastmodified` attribute is added to Algolia records to eliminate race condition issues related from the Cloud Function cold start.\n\n### Using the extension\n\nThis extension listens to the Cloud Firestore collection `sales`. If you create, update, or delete a document within that collection, this extension will:\n\n- Indexes the document and send all the fields or configured fields defined in the extension.\n- or, removes the record from Algolia index if the document is deleted.\n\n### Monitoring\n\nAs a best practice, you can [monitor the activity](https://firebase.google.com/docs/extensions/manage-installed-extensions#monitor) of your installed extension, including checks on its health, usage, and logs.\n","extensionRef":"algolia/firestore-algolia-search","extensionVersion":"1.2.10","systemParams":{"firebaseextensions.v1beta.function/vpcConnectorEgressSettings":"VPC_CONNECTOR_EGRESS_SETTINGS_UNSPECIFIED","firebaseextensions.v1beta.function/minInstances":"0","firebaseextensions.v1beta.function/memory":"256"}},"lastOperationName":"projects/ayrsteel-2026/operations/940a2937-30f1-4dc0-b18e-1977d36439fd","serviceAccountEmail":"ext-firestore-algolia-sea-mtub@ayrsteel-2026.iam.gserviceaccount.com","lastOperationType":"CREATE","etag":"4faa76eb1b2fd9b5e9a3c30018861316be53cb9f1e3779e828ab494b3fba68e1","runtimeData":{"stateUpdateTime":"2026-03-20T00:51:16.405738019Z","processingState":{"state":"PROCESSING_COMPLETE","detailMessage":"Successfully indexed 2 documents in 1356ms."}}}]}
[info] i  functions: preparing functions directory for uploading... 
[info] i  functions: packaged C:\Users\win11\Documents\workspace\ayr\frontend-ayr-nextjs\functions (97.65 KB) for uploading 
[debug] [2026-05-26T07:18:16.860Z] Checked if tokens are valid: true, expires at: 1779783468534
[debug] [2026-05-26T07:18:16.860Z] Checked if tokens are valid: true, expires at: 1779783468534
[debug] [2026-05-26T07:18:16.860Z] >>> [apiv2][query] GET https://cloudfunctions.googleapis.com/v1/projects/ayrsteel-2026/locations/-/functions [none]
[debug] [2026-05-26T07:18:18.133Z] <<< [apiv2][status] GET https://cloudfunctions.googleapis.com/v1/projects/ayrsteel-2026/locations/-/functions 200
[debug] [2026-05-26T07:18:18.134Z] <<< [apiv2][body] GET https://cloudfunctions.googleapis.com/v1/projects/ayrsteel-2026/locations/-/functions {"functions":[{"name":"projects/ayrsteel-2026/locations/us-central1/functions/ext-firestore-algolia-search-customers-executeIndexOperation","description":"Firestore document-triggered function that creates, updates, or deletes data in Algolia.","sourceArchiveUrl":"gs://firebase-mod-sources-prod/711dffee83aba6fd3013098bed42d095d035826b5f3f005f1aa5743116ab25ce","eventTrigger":{"eventType":"providers/cloud.firestore/eventTypes/document.write","resource":"projects/ayrsteel-2026/databases/(default)/documents/customers/{documentID}","service":"firestore.googleapis.com","failurePolicy":{}},"status":"ACTIVE","entryPoint":"executeIndexOperation","timeout":"60s","availableMemoryMb":256,"serviceAccountEmail":"ext-firestore-algolia-sea-rkxq@ayrsteel-2026.iam.gserviceaccount.com","updateTime":"2026-05-08T06:44:40.303Z","versionId":"2","labels":{"firebase-extensions-ar":"enabled","goog-dm":"firebase-ext-firestore-algolia-search-customers","goog-firebase-ext":"firestore-algolia-search","deployment-tool":"firebase-extensions","goog-firebase-ext-iid":"firestore-algolia-search-customers"},"environmentVariables":{"ALGOLIA_APP_ID":"AJ7782YU4W","ALGOLIA_INDEX_NAME":"customers_index","COLLECTION_PATH":"customers","DATABASE_ID":"(default)","DATABASE_INSTANCE":"","DATABASE_URL":"","DO_FULL_INDEXING":"true","EXT_INSTANCE_ID":"firestore-algolia-search-customers","FIELDS":"name","FIREBASE_CONFIG":"{\"projectId\":\"ayrsteel-2026\",\"databaseURL\":\"\",\"storageBucket\":\"ayrsteel-2026.firebasestorage.app\"}","FORCE_DATA_SYNC":"yes","GCLOUD_PROJECT":"ayrsteel-2026","LOCATION":"us-central1","PROJECT_ID":"ayrsteel-2026","STORAGE_BUCKET":"ayrsteel-2026.firebasestorage.app"},"runtime":"nodejs20","maxInstances":3000,"ingressSettings":"ALLOW_INTERNAL_ONLY","buildId":"1734b7d7-88b7-4ad9-9501-109bcde15778","buildEnvironmentVariables":{"GOOGLE_NODE_RUN_SCRIPTS":""},"secretEnvironmentVariables":[{"key":"ALGOLIA_API_KEY","projectId":"810582164122","secret":"firestore-algolia-search-customers-ALGOLIA_API_KEY","version":"1"}],"buildName":"projects/810582164122/locations/us-central1/builds/1734b7d7-88b7-4ad9-9501-109bcde15778","dockerRegistry":"ARTIFACT_REGISTRY","automaticUpdatePolicy":{},"buildServiceAccount":"projects/ayrsteel-2026/serviceAccounts/810582164122-compute@developer.gserviceaccount.com","satisfiesPzi":true},{"name":"projects/ayrsteel-2026/locations/us-central1/functions/ext-firestore-algolia-search-sales-executeFullIndexOperation","description":"Loads all the data from your FireStore database into Algolia","sourceArchiveUrl":"gs://firebase-mod-sources-prod/711dffee83aba6fd3013098bed42d095d035826b5f3f005f1aa5743116ab25ce","httpsTrigger":{"url":"https://us-central1-ayrsteel-2026.cloudfunctions.net/ext-firestore-algolia-search-sales-executeFullIndexOperation","securityLevel":"SECURE_OPTIONAL"},"status":"ACTIVE","entryPoint":"executeFullIndexOperation","timeout":"540s","availableMemoryMb":1024,"serviceAccountEmail":"ext-firestore-algolia-sea-mtub@ayrsteel-2026.iam.gserviceaccount.com","updateTime":"2026-03-20T00:48:45.273Z","versionId":"2","labels":{"deployment-tool":"firebase-extensions","goog-firebase-ext-iid":"firestore-algolia-search-sales","firebase-extensions-ar":"enabled","goog-dm":"firebase-ext-firestore-algolia-search-sales","goog-firebase-ext":"firestore-algolia-search"},"environmentVariables":{"ALGOLIA_APP_ID":"AJ7782YU4W","ALGOLIA_INDEX_NAME":"sales_index","COLLECTION_PATH":"sales","DATABASE_ID":"(default)","DATABASE_INSTANCE":"","DATABASE_URL":"","DO_FULL_INDEXING":"true","EXT_INSTANCE_ID":"firestore-algolia-search-sales","FIELDS":"customerName, documentNumber, totalAmount, status, sellerId, timestamp","FIREBASE_CONFIG":"{\"projectId\":\"ayrsteel-2026\",\"databaseURL\":\"\",\"storageBucket\":\"ayrsteel-2026.firebasestorage.app\"}","FORCE_DATA_SYNC":"yes","GCLOUD_PROJECT":"ayrsteel-2026","LOCATION":"us-central1","PROJECT_ID":"ayrsteel-2026","STORAGE_BUCKET":"ayrsteel-2026.firebasestorage.app"},"runtime":"nodejs20","ingressSettings":"ALLOW_ALL","buildId":"56d583ce-f770-42fa-9d2f-f165f8b37917","buildEnvironmentVariables":{"GOOGLE_NODE_RUN_SCRIPTS":""},"secretEnvironmentVariables":[{"key":"ALGOLIA_API_KEY","projectId":"810582164122","secret":"firestore-algolia-search-sales-ALGOLIA_API_KEY","version":"1"}],"buildName":"projects/810582164122/locations/us-central1/builds/56d583ce-f770-42fa-9d2f-f165f8b37917","dockerRegistry":"ARTIFACT_REGISTRY","automaticUpdatePolicy":{},"buildServiceAccount":"projects/ayrsteel-2026/serviceAccounts/810582164122-compute@developer.gserviceaccount.com","satisfiesPzi":true},{"name":"projects/ayrsteel-2026/locations/us-central1/functions/ext-firestore-algolia-search-contacts-executeIndexOperation","description":"Firestore document-triggered function that creates, updates, or deletes data in Algolia.","sourceArchiveUrl":"gs://firebase-mod-sources-prod/711dffee83aba6fd3013098bed42d095d035826b5f3f005f1aa5743116ab25ce","eventTrigger":{"eventType":"providers/cloud.firestore/eventTypes/document.write","resource":"projects/ayrsteel-2026/databases/(default)/documents/contacts/{documentID}","service":"firestore.googleapis.com","failurePolicy":{}},"status":"ACTIVE","entryPoint":"executeIndexOperation","timeout":"60s","availableMemoryMb":256,"serviceAccountEmail":"ext-firestore-algolia-sea-nyop@ayrsteel-2026.iam.gserviceaccount.com","updateTime":"2026-03-20T00:36:00.733Z","versionId":"2","labels":{"firebase-extensions-ar":"enabled","goog-dm":"firebase-ext-firestore-algolia-search-contacts","goog-firebase-ext":"firestore-algolia-search","deployment-tool":"firebase-extensions","goog-firebase-ext-iid":"firestore-algolia-search-contacts"},"environmentVariables":{"ALGOLIA_APP_ID":"AJ7782YU4W","ALGOLIA_INDEX_NAME":"contacts_index","COLLECTION_PATH":"contacts","DATABASE_ID":"(default)","DATABASE_INSTANCE":"","DATABASE_URL":"","DO_FULL_INDEXING":"true","EXT_INSTANCE_ID":"firestore-algolia-search-contacts","FIELDS":"name, phone, email, associatedCompanyIds","FIREBASE_CONFIG":"{\"projectId\":\"ayrsteel-2026\",\"databaseURL\":\"\",\"storageBucket\":\"ayrsteel-2026.firebasestorage.app\"}","FORCE_DATA_SYNC":"yes","GCLOUD_PROJECT":"ayrsteel-2026","LOCATION":"us-central1","PROJECT_ID":"ayrsteel-2026","STORAGE_BUCKET":"ayrsteel-2026.firebasestorage.app"},"runtime":"nodejs20","maxInstances":3000,"ingressSettings":"ALLOW_INTERNAL_ONLY","buildId":"e10c6237-a570-44fd-b5e3-2b825ef6d4e4","buildEnvironmentVariables":{"GOOGLE_NODE_RUN_SCRIPTS":""},"secretEnvironmentVariables":[{"key":"ALGOLIA_API_KEY","projectId":"810582164122","secret":"firestore-algolia-search-contacts-ALGOLIA_API_KEY","version":"1"}],"buildName":"projects/810582164122/locations/us-central1/builds/e10c6237-a570-44fd-b5e3-2b825ef6d4e4","dockerRegistry":"ARTIFACT_REGISTRY","automaticUpdatePolicy":{},"buildServiceAccount":"projects/ayrsteel-2026/serviceAccounts/810582164122-compute@developer.gserviceaccount.com","satisfiesPzi":true},{"name":"projects/ayrsteel-2026/locations/us-central1/functions/ext-firestore-algolia-search-executeFullIndexOperation","description":"Loads all the data from your FireStore database into Algolia","sourceArchiveUrl":"gs://firebase-mod-sources-prod/711dffee83aba6fd3013098bed42d095d035826b5f3f005f1aa5743116ab25ce","httpsTrigger":{"url":"https://us-central1-ayrsteel-2026.cloudfunctions.net/ext-firestore-algolia-search-executeFullIndexOperation","securityLevel":"SECURE_OPTIONAL"},"status":"ACTIVE","entryPoint":"executeFullIndexOperation","timeout":"540s","availableMemoryMb":1024,"serviceAccountEmail":"ext-firestore-algolia-search@ayrsteel-2026.iam.gserviceaccount.com","updateTime":"2026-03-19T23:08:14.754Z","versionId":"2","labels":{"goog-firebase-ext":"firestore-algolia-search","deployment-tool":"firebase-extensions","goog-firebase-ext-iid":"firestore-algolia-search","firebase-extensions-ar":"enabled","goog-dm":"firebase-ext-firestore-algolia-search"},"environmentVariables":{"ALGOLIA_APP_ID":"AJ7782YU4W","ALGOLIA_INDEX_NAME":"coils_index","COLLECTION_PATH":"coils","DATABASE_ID":"(default)","DATABASE_INSTANCE":"","DATABASE_URL":"","DO_FULL_INDEXING":"true","EXT_INSTANCE_ID":"firestore-algolia-search","FIELDS":"id,status,masterWidth,thickness,metadata.provider,currentWeight,initialWeight","FIREBASE_CONFIG":"{\"projectId\":\"ayrsteel-2026\",\"databaseURL\":\"\",\"storageBucket\":\"ayrsteel-2026.firebasestorage.app\"}","FORCE_DATA_SYNC":"yes","GCLOUD_PROJECT":"ayrsteel-2026","LOCATION":"us-central1","PROJECT_ID":"ayrsteel-2026","STORAGE_BUCKET":"ayrsteel-2026.firebasestorage.app"},"runtime":"nodejs20","ingressSettings":"ALLOW_ALL","buildId":"e99c5aca-ee89-4fa6-8e50-43df9078f3af","buildEnvironmentVariables":{"GOOGLE_NODE_RUN_SCRIPTS":""},"secretEnvironmentVariables":[{"key":"ALGOLIA_API_KEY","projectId":"810582164122","secret":"firestore-algolia-search-ALGOLIA_API_KEY","version":"1"}],"buildName":"projects/810582164122/locations/us-central1/builds/e99c5aca-ee89-4fa6-8e50-43df9078f3af","dockerRegistry":"ARTIFACT_REGISTRY","automaticUpdatePolicy":{},"buildServiceAccount":"projects/ayrsteel-2026/serviceAccounts/810582164122-compute@developer.gserviceaccount.com","satisfiesPzi":true},{"name":"projects/ayrsteel-2026/locations/us-central1/functions/ext-firestore-algolia-search-production-logs-executeFullIndexOp","description":"Loads all the data from your FireStore database into Algolia","sourceArchiveUrl":"gs://firebase-mod-sources-prod/2a3c0a5724e87b9a8d242c28ee9dd67f0ecfec455f49b97f2a4a7a26a0ae9d7c","httpsTrigger":{"url":"https://us-central1-ayrsteel-2026.cloudfunctions.net/ext-firestore-algolia-search-production-logs-executeFullIndexOp","securityLevel":"SECURE_OPTIONAL"},"status":"ACTIVE","entryPoint":"executeFullIndexOperation","timeout":"540s","availableMemoryMb":1024,"serviceAccountEmail":"ext-firestore-algolia-sea-nn17@ayrsteel-2026.iam.gserviceaccount.com","updateTime":"2026-05-08T06:15:58.103Z","versionId":"2","labels":{"goog-firebase-ext-iid":"firestore-algolia-search-production-logs","firebase-extensions-ar":"enabled","goog-dm":"firebase-ext-firestore-algolia-search-production-logs","goog-firebase-ext":"firestore-algolia-search","deployment-tool":"firebase-extensions"},"environmentVariables":{"ALGOLIA_APP_ID":"AJ7782YU4W","ALGOLIA_INDEX_NAME":"production_logs_index","COLLECTION_PATH":"production_logs","DATABASE_ID":"(default)","DATABASE_INSTANCE":"","DATABASE_URL":"","DO_FULL_INDEXING":"true","EXT_INSTANCE_ID":"firestore-algolia-search-production-logs","FIELDS":"parentCoilId,sku,status,timestamp","FIREBASE_CONFIG":"{\"projectId\":\"ayrsteel-2026\",\"databaseURL\":\"\",\"storageBucket\":\"ayrsteel-2026.firebasestorage.app\"}","FORCE_DATA_SYNC":"yes","GCLOUD_PROJECT":"ayrsteel-2026","LOCATION":"us-central1","PROJECT_ID":"ayrsteel-2026","STORAGE_BUCKET":"ayrsteel-2026.firebasestorage.app"},"runtime":"nodejs20","ingressSettings":"ALLOW_ALL","buildId":"b1c651c0-6e84-4016-831f-0281cb15cb26","buildEnvironmentVariables":{"GOOGLE_NODE_RUN_SCRIPTS":""},"secretEnvironmentVariables":[{"key":"ALGOLIA_API_KEY","projectId":"810582164122","secret":"firestore-algolia-search-production-logs-ALGOLIA_API_KEY","version":"1"}],"buildName":"projects/810582164122/locations/us-central1/builds/b1c651c0-6e84-4016-831f-0281cb15cb26","dockerRegistry":"ARTIFACT_REGISTRY","automaticUpdatePolicy":{},"buildServiceAccount":"projects/ayrsteel-2026/serviceAccounts/810582164122-compute@developer.gserviceaccount.com","satisfiesPzi":true},{"name":"projects/ayrsteel-2026/locations/us-central1/functions/ext-firestore-algolia-search-contacts-executeFullIndexOperation","description":"Loads all the data from your FireStore database into Algolia","sourceArchiveUrl":"gs://firebase-mod-sources-prod/711dffee83aba6fd3013098bed42d095d035826b5f3f005f1aa5743116ab25ce","httpsTrigger":{"url":"https://us-central1-ayrsteel-2026.cloudfunctions.net/ext-firestore-algolia-search-contacts-executeFullIndexOperation","securityLevel":"SECURE_OPTIONAL"},"status":"ACTIVE","entryPoint":"executeFullIndexOperation","timeout":"540s","availableMemoryMb":1024,"serviceAccountEmail":"ext-firestore-algolia-sea-nyop@ayrsteel-2026.iam.gserviceaccount.com","updateTime":"2026-03-20T00:35:50.979Z","versionId":"2","labels":{"firebase-extensions-ar":"enabled","goog-dm":"firebase-ext-firestore-algolia-search-contacts","goog-firebase-ext":"firestore-algolia-search","deployment-tool":"firebase-extensions","goog-firebase-ext-iid":"firestore-algolia-search-contacts"},"environmentVariables":{"ALGOLIA_APP_ID":"AJ7782YU4W","ALGOLIA_INDEX_NAME":"contacts_index","COLLECTION_PATH":"contacts","DATABASE_ID":"(default)","DATABASE_INSTANCE":"","DATABASE_URL":"","DO_FULL_INDEXING":"true","EXT_INSTANCE_ID":"firestore-algolia-search-contacts","FIELDS":"name, phone, email, associatedCompanyIds","FIREBASE_CONFIG":"{\"projectId\":\"ayrsteel-2026\",\"databaseURL\":\"\",\"storageBucket\":\"ayrsteel-2026.firebasestorage.app\"}","FORCE_DATA_SYNC":"yes","GCLOUD_PROJECT":"ayrsteel-2026","LOCATION":"us-central1","PROJECT_ID":"ayrsteel-2026","STORAGE_BUCKET":"ayrsteel-2026.firebasestorage.app"},"runtime":"nodejs20","ingressSettings":"ALLOW_ALL","buildId":"6f4b973d-64c8-4158-b203-44d66bad5b33","buildEnvironmentVariables":{"GOOGLE_NODE_RUN_SCRIPTS":""},"secretEnvironmentVariables":[{"key":"ALGOLIA_API_KEY","projectId":"810582164122","secret":"firestore-algolia-search-contacts-ALGOLIA_API_KEY","version":"1"}],"buildName":"projects/810582164122/locations/us-central1/builds/6f4b973d-64c8-4158-b203-44d66bad5b33","dockerRegistry":"ARTIFACT_REGISTRY","automaticUpdatePolicy":{},"buildServiceAccount":"projects/ayrsteel-2026/serviceAccounts/810582164122-compute@developer.gserviceaccount.com","satisfiesPzi":true},{"name":"projects/ayrsteel-2026/locations/us-central1/functions/ext-firestore-algolia-search-customers-executeFullIndexOperatio","description":"Loads all the data from your FireStore database into Algolia","sourceArchiveUrl":"gs://firebase-mod-sources-prod/711dffee83aba6fd3013098bed42d095d035826b5f3f005f1aa5743116ab25ce","httpsTrigger":{"url":"https://us-central1-ayrsteel-2026.cloudfunctions.net/ext-firestore-algolia-search-customers-executeFullIndexOperatio","securityLevel":"SECURE_OPTIONAL"},"status":"ACTIVE","entryPoint":"executeFullIndexOperation","timeout":"540s","availableMemoryMb":1024,"serviceAccountEmail":"ext-firestore-algolia-sea-rkxq@ayrsteel-2026.iam.gserviceaccount.com","updateTime":"2026-05-08T06:44:48.919Z","versionId":"2","labels":{"firebase-extensions-ar":"enabled","goog-dm":"firebase-ext-firestore-algolia-search-customers","goog-firebase-ext":"firestore-algolia-search","deployment-tool":"firebase-extensions","goog-firebase-ext-iid":"firestore-algolia-search-customers"},"environmentVariables":{"ALGOLIA_APP_ID":"AJ7782YU4W","ALGOLIA_INDEX_NAME":"customers_index","COLLECTION_PATH":"customers","DATABASE_ID":"(default)","DATABASE_INSTANCE":"","DATABASE_URL":"","DO_FULL_INDEXING":"true","EXT_INSTANCE_ID":"firestore-algolia-search-customers","FIELDS":"name","FIREBASE_CONFIG":"{\"projectId\":\"ayrsteel-2026\",\"databaseURL\":\"\",\"storageBucket\":\"ayrsteel-2026.firebasestorage.app\"}","FORCE_DATA_SYNC":"yes","GCLOUD_PROJECT":"ayrsteel-2026","LOCATION":"us-central1","PROJECT_ID":"ayrsteel-2026","STORAGE_BUCKET":"ayrsteel-2026.firebasestorage.app"},"runtime":"nodejs20","ingressSettings":"ALLOW_ALL","buildId":"c8ad5017-70f3-45c7-b62e-d4b9cd602e5c","buildEnvironmentVariables":{"GOOGLE_NODE_RUN_SCRIPTS":""},"secretEnvironmentVariables":[{"key":"ALGOLIA_API_KEY","projectId":"810582164122","secret":"firestore-algolia-search-customers-ALGOLIA_API_KEY","version":"1"}],"buildName":"projects/810582164122/locations/us-central1/builds/c8ad5017-70f3-45c7-b62e-d4b9cd602e5c","dockerRegistry":"ARTIFACT_REGISTRY","automaticUpdatePolicy":{},"buildServiceAccount":"projects/ayrsteel-2026/serviceAccounts/810582164122-compute@developer.gserviceaccount.com","satisfiesPzi":true},{"name":"projects/ayrsteel-2026/locations/us-central1/functions/ext-firestore-algolia-search-sales-executeIndexOperation","description":"Firestore document-triggered function that creates, updates, or deletes data in Algolia.","sourceArchiveUrl":"gs://firebase-mod-sources-prod/711dffee83aba6fd3013098bed42d095d035826b5f3f005f1aa5743116ab25ce","eventTrigger":{"eventType":"providers/cloud.firestore/eventTypes/document.write","resource":"projects/ayrsteel-2026/databases/(default)/documents/sales/{documentID}","service":"firestore.googleapis.com","failurePolicy":{}},"status":"ACTIVE","entryPoint":"executeIndexOperation","timeout":"60s","availableMemoryMb":256,"serviceAccountEmail":"ext-firestore-algolia-sea-mtub@ayrsteel-2026.iam.gserviceaccount.com","updateTime":"2026-03-20T00:49:04.190Z","versionId":"2","labels":{"firebase-extensions-ar":"enabled","goog-dm":"firebase-ext-firestore-algolia-search-sales","goog-firebase-ext":"firestore-algolia-search","deployment-tool":"firebase-extensions","goog-firebase-ext-iid":"firestore-algolia-search-sales"},"environmentVariables":{"ALGOLIA_APP_ID":"AJ7782YU4W","ALGOLIA_INDEX_NAME":"sales_index","COLLECTION_PATH":"sales","DATABASE_ID":"(default)","DATABASE_INSTANCE":"","DATABASE_URL":"","DO_FULL_INDEXING":"true","EXT_INSTANCE_ID":"firestore-algolia-search-sales","FIELDS":"customerName, documentNumber, totalAmount, status, sellerId, timestamp","FIREBASE_CONFIG":"{\"projectId\":\"ayrsteel-2026\",\"databaseURL\":\"\",\"storageBucket\":\"ayrsteel-2026.firebasestorage.app\"}","FORCE_DATA_SYNC":"yes","GCLOUD_PROJECT":"ayrsteel-2026","LOCATION":"us-central1","PROJECT_ID":"ayrsteel-2026","STORAGE_BUCKET":"ayrsteel-2026.firebasestorage.app"},"runtime":"nodejs20","maxInstances":3000,"ingressSettings":"ALLOW_INTERNAL_ONLY","buildId":"b4870dca-fe8b-4a85-bb9c-44ad6cecb201","buildEnvironmentVariables":{"GOOGLE_NODE_RUN_SCRIPTS":""},"secretEnvironmentVariables":[{"key":"ALGOLIA_API_KEY","projectId":"810582164122","secret":"firestore-algolia-search-sales-ALGOLIA_API_KEY","version":"1"}],"buildName":"projects/810582164122/locations/us-central1/builds/b4870dca-fe8b-4a85-bb9c-44ad6cecb201","dockerRegistry":"ARTIFACT_REGISTRY","automaticUpdatePolicy":{},"buildServiceAccount":"projects/ayrsteel-2026/serviceAccounts/810582164122-compute@developer.gserviceaccount.com","satisfiesPzi":true},{"name":"projects/ayrsteel-2026/locations/us-central1/functions/ext-firestore-algolia-search-executeIndexOperation","description":"Firestore document-triggered function that creates, updates, or deletes data in Algolia.","sourceArchiveUrl":"gs://firebase-mod-sources-prod/711dffee83aba6fd3013098bed42d095d035826b5f3f005f1aa5743116ab25ce","eventTrigger":{"eventType":"providers/cloud.firestore/eventTypes/document.write","resource":"projects/ayrsteel-2026/databases/(default)/documents/coils/{documentID}","service":"firestore.googleapis.com","failurePolicy":{}},"status":"ACTIVE","entryPoint":"executeIndexOperation","timeout":"60s","availableMemoryMb":256,"serviceAccountEmail":"ext-firestore-algolia-search@ayrsteel-2026.iam.gserviceaccount.com","updateTime":"2026-03-19T23:07:38.694Z","versionId":"2","labels":{"goog-dm":"firebase-ext-firestore-algolia-search","goog-firebase-ext":"firestore-algolia-search","deployment-tool":"firebase-extensions","goog-firebase-ext-iid":"firestore-algolia-search","firebase-extensions-ar":"enabled"},"environmentVariables":{"ALGOLIA_APP_ID":"AJ7782YU4W","ALGOLIA_INDEX_NAME":"coils_index","COLLECTION_PATH":"coils","DATABASE_ID":"(default)","DATABASE_INSTANCE":"","DATABASE_URL":"","DO_FULL_INDEXING":"true","EXT_INSTANCE_ID":"firestore-algolia-search","FIELDS":"id,status,masterWidth,thickness,metadata.provider,currentWeight,initialWeight","FIREBASE_CONFIG":"{\"projectId\":\"ayrsteel-2026\",\"databaseURL\":\"\",\"storageBucket\":\"ayrsteel-2026.firebasestorage.app\"}","FORCE_DATA_SYNC":"yes","GCLOUD_PROJECT":"ayrsteel-2026","LOCATION":"us-central1","PROJECT_ID":"ayrsteel-2026","STORAGE_BUCKET":"ayrsteel-2026.firebasestorage.app"},"runtime":"nodejs20","maxInstances":3000,"ingressSettings":"ALLOW_INTERNAL_ONLY","buildId":"384bc3a2-0bed-4f65-851d-8e157d9106ab","buildEnvironmentVariables":{"GOOGLE_NODE_RUN_SCRIPTS":""},"secretEnvironmentVariables":[{"key":"ALGOLIA_API_KEY","projectId":"810582164122","secret":"firestore-algolia-search-ALGOLIA_API_KEY","version":"1"}],"buildName":"projects/810582164122/locations/us-central1/builds/384bc3a2-0bed-4f65-851d-8e157d9106ab","dockerRegistry":"ARTIFACT_REGISTRY","automaticUpdatePolicy":{},"buildServiceAccount":"projects/ayrsteel-2026/serviceAccounts/810582164122-compute@developer.gserviceaccount.com","satisfiesPzi":true},{"name":"projects/ayrsteel-2026/locations/us-central1/functions/ext-firestore-algolia-search-production-logs-executeIndexOperat","description":"Firestore document-triggered function that creates, updates, or deletes data in Algolia.","sourceArchiveUrl":"gs://firebase-mod-sources-prod/2a3c0a5724e87b9a8d242c28ee9dd67f0ecfec455f49b97f2a4a7a26a0ae9d7c","eventTrigger":{"eventType":"providers/cloud.firestore/eventTypes/document.write","resource":"projects/ayrsteel-2026/databases/(default)/documents/production_logs/{documentID}","service":"firestore.googleapis.com","failurePolicy":{}},"status":"ACTIVE","entryPoint":"executeIndexOperation","timeout":"60s","availableMemoryMb":256,"serviceAccountEmail":"ext-firestore-algolia-sea-nn17@ayrsteel-2026.iam.gserviceaccount.com","updateTime":"2026-05-08T06:16:38.744Z","versionId":"2","labels":{"firebase-extensions-ar":"enabled","goog-dm":"firebase-ext-firestore-algolia-search-production-logs","goog-firebase-ext":"firestore-algolia-search","deployment-tool":"firebase-extensions","goog-firebase-ext-iid":"firestore-algolia-search-production-logs"},"environmentVariables":{"ALGOLIA_APP_ID":"AJ7782YU4W","ALGOLIA_INDEX_NAME":"production_logs_index","COLLECTION_PATH":"production_logs","DATABASE_ID":"(default)","DATABASE_INSTANCE":"","DATABASE_URL":"","DO_FULL_INDEXING":"true","EXT_INSTANCE_ID":"firestore-algolia-search-production-logs","FIELDS":"parentCoilId,sku,status,timestamp","FIREBASE_CONFIG":"{\"projectId\":\"ayrsteel-2026\",\"databaseURL\":\"\",\"storageBucket\":\"ayrsteel-2026.firebasestorage.app\"}","FORCE_DATA_SYNC":"yes","GCLOUD_PROJECT":"ayrsteel-2026","LOCATION":"us-central1","PROJECT_ID":"ayrsteel-2026","STORAGE_BUCKET":"ayrsteel-2026.firebasestorage.app"},"runtime":"nodejs20","maxInstances":3000,"ingressSettings":"ALLOW_INTERNAL_ONLY","buildId":"84b7bdb9-b947-42ef-9372-a5174e2193ac","buildEnvironmentVariables":{"GOOGLE_NODE_RUN_SCRIPTS":""},"secretEnvironmentVariables":[{"key":"ALGOLIA_API_KEY","projectId":"810582164122","secret":"firestore-algolia-search-production-logs-ALGOLIA_API_KEY","version":"1"}],"buildName":"projects/810582164122/locations/us-central1/builds/84b7bdb9-b947-42ef-9372-a5174e2193ac","dockerRegistry":"ARTIFACT_REGISTRY","automaticUpdatePolicy":{},"buildServiceAccount":"projects/ayrsteel-2026/serviceAccounts/810582164122-compute@developer.gserviceaccount.com","satisfiesPzi":true}]}
[debug] [2026-05-26T07:18:18.135Z] Checked if tokens are valid: true, expires at: 1779783468534
[debug] [2026-05-26T07:18:18.135Z] Checked if tokens are valid: true, expires at: 1779783468534
[debug] [2026-05-26T07:18:18.135Z] >>> [apiv2][query] GET https://cloudfunctions.googleapis.com/v2/projects/ayrsteel-2026/locations/-/functions filter=environment%3D%22GEN_2%22
[debug] [2026-05-26T07:18:19.570Z] <<< [apiv2][status] GET https://cloudfunctions.googleapis.com/v2/projects/ayrsteel-2026/locations/-/functions 200
[debug] [2026-05-26T07:18:19.570Z] <<< [apiv2][body] GET https://cloudfunctions.googleapis.com/v2/projects/ayrsteel-2026/locations/-/functions {}
[debug] [2026-05-26T07:18:19.571Z] Checked if tokens are valid: true, expires at: 1779783468534
[debug] [2026-05-26T07:18:19.571Z] Checked if tokens are valid: true, expires at: 1779783468534
[debug] [2026-05-26T07:18:19.571Z] >>> [apiv2][query] GET https://firestore.googleapis.com/v1/projects/ayrsteel-2026/databases/(default) [none]
[debug] [2026-05-26T07:18:20.878Z] <<< [apiv2][status] GET https://firestore.googleapis.com/v1/projects/ayrsteel-2026/databases/(default) 200
[debug] [2026-05-26T07:18:20.878Z] <<< [apiv2][body] GET https://firestore.googleapis.com/v1/projects/ayrsteel-2026/databases/(default) {"name":"projects/ayrsteel-2026/databases/(default)","uid":"1eb3fefc-bde0-4db9-94ae-6359866af46a","createTime":"2025-12-31T06:01:22.827817Z","updateTime":"2025-12-31T06:01:22.827817Z","locationId":"nam5","type":"FIRESTORE_NATIVE","concurrencyMode":"PESSIMISTIC","versionRetentionPeriod":"3600s","earliestVersionTime":"2026-05-26T06:18:20.881614Z","appEngineIntegrationMode":"DISABLED","keyPrefix":"s","pointInTimeRecoveryEnablement":"POINT_IN_TIME_RECOVERY_DISABLED","deleteProtectionState":"DELETE_PROTECTION_DISABLED","databaseEdition":"STANDARD","freeTier":true,"realtimeUpdatesMode":"REALTIME_UPDATES_MODE_ENABLED","etag":"IPzvlOa01pQDMMvd3urbqJMD"}
[info] i  functions: ensuring required API run.googleapis.com is enabled... 
[debug] [2026-05-26T07:18:20.882Z] Checked if tokens are valid: true, expires at: 1779783468534
[debug] [2026-05-26T07:18:20.882Z] Checked if tokens are valid: true, expires at: 1779783468534
[info] i  functions: ensuring required API eventarc.googleapis.com is enabled... 
[debug] [2026-05-26T07:18:20.883Z] Checked if tokens are valid: true, expires at: 1779783468534
[debug] [2026-05-26T07:18:20.883Z] Checked if tokens are valid: true, expires at: 1779783468534
[info] i  functions: ensuring required API pubsub.googleapis.com is enabled... 
[debug] [2026-05-26T07:18:20.884Z] Checked if tokens are valid: true, expires at: 1779783468534
[debug] [2026-05-26T07:18:20.884Z] Checked if tokens are valid: true, expires at: 1779783468534
[info] i  functions: ensuring required API storage.googleapis.com is enabled... 
[debug] [2026-05-26T07:18:20.885Z] Checked if tokens are valid: true, expires at: 1779783468534
[debug] [2026-05-26T07:18:20.885Z] Checked if tokens are valid: true, expires at: 1779783468534
[debug] [2026-05-26T07:18:20.885Z] >>> [apiv2][query] GET https://serviceusage.googleapis.com/v1/projects/810582164122/services/run.googleapis.com [none]
[debug] [2026-05-26T07:18:20.885Z] >>> [apiv2][(partial)header] GET https://serviceusage.googleapis.com/v1/projects/810582164122/services/run.googleapis.com  x-goog-user-project=810582164122
[debug] [2026-05-26T07:18:20.886Z] >>> [apiv2][query] GET https://serviceusage.googleapis.com/v1/projects/810582164122/services/eventarc.googleapis.com [none]
[debug] [2026-05-26T07:18:20.886Z] >>> [apiv2][(partial)header] GET https://serviceusage.googleapis.com/v1/projects/810582164122/services/eventarc.googleapis.com  x-goog-user-project=810582164122
[debug] [2026-05-26T07:18:20.887Z] >>> [apiv2][query] GET https://serviceusage.googleapis.com/v1/projects/810582164122/services/pubsub.googleapis.com [none]
[debug] [2026-05-26T07:18:20.887Z] >>> [apiv2][(partial)header] GET https://serviceusage.googleapis.com/v1/projects/810582164122/services/pubsub.googleapis.com  x-goog-user-project=810582164122
[debug] [2026-05-26T07:18:20.888Z] >>> [apiv2][query] GET https://serviceusage.googleapis.com/v1/projects/810582164122/services/storage.googleapis.com [none]
[debug] [2026-05-26T07:18:20.888Z] >>> [apiv2][(partial)header] GET https://serviceusage.googleapis.com/v1/projects/810582164122/services/storage.googleapis.com  x-goog-user-project=810582164122
[debug] [2026-05-26T07:18:22.169Z] <<< [apiv2][status] GET https://serviceusage.googleapis.com/v1/projects/810582164122/services/eventarc.googleapis.com 200
[debug] [2026-05-26T07:18:22.169Z] <<< [apiv2][body] GET https://serviceusage.googleapis.com/v1/projects/810582164122/services/eventarc.googleapis.com [omitted]
[warn] !  functions: missing required API eventarc.googleapis.com. Enabling now... 
[debug] [2026-05-26T07:18:22.170Z] Checked if tokens are valid: true, expires at: 1779783468534
[debug] [2026-05-26T07:18:22.170Z] Checked if tokens are valid: true, expires at: 1779783468534
[debug] [2026-05-26T07:18:22.170Z] >>> [apiv2][query] POST https://serviceusage.googleapis.com/v1/projects/810582164122/services/eventarc.googleapis.com:enable [none]
[debug] [2026-05-26T07:18:22.170Z] >>> [apiv2][(partial)header] POST https://serviceusage.googleapis.com/v1/projects/810582164122/services/eventarc.googleapis.com:enable  x-goog-user-project=810582164122
[debug] [2026-05-26T07:18:22.175Z] <<< [apiv2][status] GET https://serviceusage.googleapis.com/v1/projects/810582164122/services/pubsub.googleapis.com 200
[debug] [2026-05-26T07:18:22.175Z] <<< [apiv2][body] GET https://serviceusage.googleapis.com/v1/projects/810582164122/services/pubsub.googleapis.com [omitted]
[info] +  functions: required API pubsub.googleapis.com is enabled 
[debug] [2026-05-26T07:18:22.230Z] <<< [apiv2][status] GET https://serviceusage.googleapis.com/v1/projects/810582164122/services/storage.googleapis.com 200
[debug] [2026-05-26T07:18:22.230Z] <<< [apiv2][body] GET https://serviceusage.googleapis.com/v1/projects/810582164122/services/storage.googleapis.com [omitted]
[info] +  functions: required API storage.googleapis.com is enabled 
[debug] [2026-05-26T07:18:22.365Z] <<< [apiv2][status] GET https://serviceusage.googleapis.com/v1/projects/810582164122/services/run.googleapis.com 200
[debug] [2026-05-26T07:18:22.365Z] <<< [apiv2][body] GET https://serviceusage.googleapis.com/v1/projects/810582164122/services/run.googleapis.com [omitted]
[warn] !  functions: missing required API run.googleapis.com. Enabling now... 
[debug] [2026-05-26T07:18:22.366Z] Checked if tokens are valid: true, expires at: 1779783468534
[debug] [2026-05-26T07:18:22.366Z] Checked if tokens are valid: true, expires at: 1779783468534
[debug] [2026-05-26T07:18:22.366Z] >>> [apiv2][query] POST https://serviceusage.googleapis.com/v1/projects/810582164122/services/run.googleapis.com:enable [none]
[debug] [2026-05-26T07:18:22.366Z] >>> [apiv2][(partial)header] POST https://serviceusage.googleapis.com/v1/projects/810582164122/services/run.googleapis.com:enable  x-goog-user-project=810582164122
[debug] [2026-05-26T07:18:23.030Z] <<< [apiv2][status] POST https://serviceusage.googleapis.com/v1/projects/810582164122/services/eventarc.googleapis.com:enable 200
[debug] [2026-05-26T07:18:23.031Z] <<< [apiv2][body] POST https://serviceusage.googleapis.com/v1/projects/810582164122/services/eventarc.googleapis.com:enable [omitted]
[debug] [2026-05-26T07:18:23.988Z] <<< [apiv2][status] POST https://serviceusage.googleapis.com/v1/projects/810582164122/services/run.googleapis.com:enable 200
[debug] [2026-05-26T07:18:23.988Z] <<< [apiv2][body] POST https://serviceusage.googleapis.com/v1/projects/810582164122/services/run.googleapis.com:enable [omitted]
[info] i  functions: generating the service identity for pubsub.googleapis.com... 
[debug] [2026-05-26T07:18:34.004Z] Checked if tokens are valid: true, expires at: 1779783468534
[debug] [2026-05-26T07:18:34.004Z] Checked if tokens are valid: true, expires at: 1779783468534
[info] i  functions: generating the service identity for eventarc.googleapis.com... 
[debug] [2026-05-26T07:18:34.005Z] Checked if tokens are valid: true, expires at: 1779783468534
[debug] [2026-05-26T07:18:34.005Z] Checked if tokens are valid: true, expires at: 1779783468534
[debug] [2026-05-26T07:18:34.005Z] >>> [apiv2][query] POST https://serviceusage.googleapis.com/v1beta1/projects/810582164122/services/pubsub.googleapis.com:generateServiceIdentity [none]
[debug] [2026-05-26T07:18:34.005Z] >>> [apiv2][(partial)header] POST https://serviceusage.googleapis.com/v1beta1/projects/810582164122/services/pubsub.googleapis.com:generateServiceIdentity  x-goog-user-project=810582164122
[debug] [2026-05-26T07:18:34.005Z] >>> [apiv2][body] POST https://serviceusage.googleapis.com/v1beta1/projects/810582164122/services/pubsub.googleapis.com:generateServiceIdentity {}
[debug] [2026-05-26T07:18:34.006Z] >>> [apiv2][query] POST https://serviceusage.googleapis.com/v1beta1/projects/810582164122/services/eventarc.googleapis.com:generateServiceIdentity [none]
[debug] [2026-05-26T07:18:34.006Z] >>> [apiv2][(partial)header] POST https://serviceusage.googleapis.com/v1beta1/projects/810582164122/services/eventarc.googleapis.com:generateServiceIdentity  x-goog-user-project=810582164122
[debug] [2026-05-26T07:18:34.006Z] >>> [apiv2][body] POST https://serviceusage.googleapis.com/v1beta1/projects/810582164122/services/eventarc.googleapis.com:generateServiceIdentity {}
[debug] [2026-05-26T07:18:35.797Z] <<< [apiv2][status] POST https://serviceusage.googleapis.com/v1beta1/projects/810582164122/services/pubsub.googleapis.com:generateServiceIdentity 200
[debug] [2026-05-26T07:18:35.797Z] <<< [apiv2][body] POST https://serviceusage.googleapis.com/v1beta1/projects/810582164122/services/pubsub.googleapis.com:generateServiceIdentity {"name":"operations/finished.DONE_OPERATION","done":true,"response":{"@type":"type.googleapis.com/google.api.serviceusage.v1beta1.ServiceIdentity","email":"service-810582164122@gcp-sa-pubsub.iam.gserviceaccount.com","uniqueId":"117336628716105634498"}}
[debug] [2026-05-26T07:18:35.913Z] <<< [apiv2][status] POST https://serviceusage.googleapis.com/v1beta1/projects/810582164122/services/eventarc.googleapis.com:generateServiceIdentity 200
[debug] [2026-05-26T07:18:35.913Z] <<< [apiv2][body] POST https://serviceusage.googleapis.com/v1beta1/projects/810582164122/services/eventarc.googleapis.com:generateServiceIdentity {"name":"operations/finished.DONE_OPERATION","done":true,"response":{"@type":"type.googleapis.com/google.api.serviceusage.v1beta1.ServiceIdentity","email":"service-810582164122@gcp-sa-eventarc.iam.gserviceaccount.com","uniqueId":"110555106957575259570"}}
[debug] [2026-05-26T07:18:35.915Z] Checked if tokens are valid: true, expires at: 1779783468534
[debug] [2026-05-26T07:18:35.915Z] Checked if tokens are valid: true, expires at: 1779783468534
[debug] [2026-05-26T07:18:35.915Z] >>> [apiv2][query] GET https://compute.googleapis.com/compute/v1/projects/810582164122 [none]
[debug] [2026-05-26T07:18:37.053Z] <<< [apiv2][status] GET https://compute.googleapis.com/compute/v1/projects/810582164122 403
[debug] [2026-05-26T07:18:37.053Z] <<< [apiv2][body] GET https://compute.googleapis.com/compute/v1/projects/810582164122 {"error":{"code":403,"message":"Compute Engine API has not been used in project 810582164122 before or it is disabled. Enable it by visiting https://console.developers.google.com/apis/api/compute.googleapis.com/overview?project=810582164122 then retry. If you enabled this API recently, wait a few minutes for the action to propagate to our systems and retry.","errors":[{"message":"Compute Engine API has not been used in project 810582164122 before or it is disabled. Enable it by visiting https://console.developers.google.com/apis/api/compute.googleapis.com/overview?project=810582164122 then retry. If you enabled this API recently, wait a few minutes for the action to propagate to our systems and retry.","domain":"usageLimits","reason":"accessNotConfigured","extendedHelp":"https://console.developers.google.com"}],"status":"PERMISSION_DENIED","details":[{"@type":"type.googleapis.com/google.rpc.ErrorInfo","reason":"SERVICE_DISABLED","domain":"googleapis.com","metadata":{"activationUrl":"https://console.developers.google.com/apis/api/compute.googleapis.com/overview?project=810582164122","containerInfo":"810582164122","serviceTitle":"Compute Engine API","service":"compute.googleapis.com","consumer":"projects/810582164122"}},{"@type":"type.googleapis.com/google.rpc.LocalizedMessage","locale":"en-US","message":"Compute Engine API has not been used in project 810582164122 before or it is disabled. Enable it by visiting https://console.developers.google.com/apis/api/compute.googleapis.com/overview?project=810582164122 then retry. If you enabled this API recently, wait a few minutes for the action to propagate to our systems and retry."},{"@type":"type.googleapis.com/google.rpc.Help","links":[{"description":"Google developers console API activation","url":"https://console.developers.google.com/apis/api/compute.googleapis.com/overview?project=810582164122"}]}]}}
[debug] [2026-05-26T07:18:37.054Z] unable to look up default compute service account. Falling back to 810582164122-compute@developer.gserviceaccount.com. Error: {"name":"FirebaseError","children":[],"context":{"body":{"error":{"code":403,"message":"Compute Engine API has not been used in project 810582164122 before or it is disabled. Enable it by visiting https://console.developers.google.com/apis/api/compute.googleapis.com/overview?project=810582164122 then retry. If you enabled this API recently, wait a few minutes for the action to propagate to our systems and retry.","errors":[{"message":"Compute Engine API has not been used in project 810582164122 before or it is disabled. Enable it by visiting https://console.developers.google.com/apis/api/compute.googleapis.com/overview?project=810582164122 then retry. If you enabled this API recently, wait a few minutes for the action to propagate to our systems and retry.","domain":"usageLimits","reason":"accessNotConfigured","extendedHelp":"https://console.developers.google.com"}],"status":"PERMISSION_DENIED","details":[{"@type":"type.googleapis.com/google.rpc.ErrorInfo","reason":"SERVICE_DISABLED","domain":"googleapis.com","metadata":{"activationUrl":"https://console.developers.google.com/apis/api/compute.googleapis.com/overview?project=810582164122","containerInfo":"810582164122","serviceTitle":"Compute Engine API","service":"compute.googleapis.com","consumer":"projects/810582164122"}},{"@type":"type.googleapis.com/google.rpc.LocalizedMessage","locale":"en-US","message":"Compute Engine API has not been used in project 810582164122 before or it is disabled. Enable it by visiting https://console.developers.google.com/apis/api/compute.googleapis.com/overview?project=810582164122 then retry. If you enabled this API recently, wait a few minutes for the action to propagate to our systems and retry."},{"@type":"type.googleapis.com/google.rpc.Help","links":[{"description":"Google developers console API activation","url":"https://console.developers.google.com/apis/api/compute.googleapis.com/overview?project=810582164122"}]}]}},"response":{"statusCode":403}},"exit":1,"message":"Request to https://compute.googleapis.com/compute/v1/projects/810582164122 had HTTP Error: 403, Compute Engine API has not been used in project 810582164122 before or it is disabled. Enable it by visiting https://console.developers.google.com/apis/api/compute.googleapis.com/overview?project=810582164122 then retry. If you enabled this API recently, wait a few minutes for the action to propagate to our systems and retry.","status":403}
[debug] [2026-05-26T07:18:37.054Z] Checked if tokens are valid: true, expires at: 1779783468534
[debug] [2026-05-26T07:18:37.054Z] Checked if tokens are valid: true, expires at: 1779783468534
[debug] [2026-05-26T07:18:37.054Z] >>> [apiv2][query] POST https://cloudresourcemanager.googleapis.com/v1/projects/810582164122:getIamPolicy [none]
[debug] [2026-05-26T07:18:38.414Z] <<< [apiv2][status] POST https://cloudresourcemanager.googleapis.com/v1/projects/810582164122:getIamPolicy 200
[debug] [2026-05-26T07:18:38.414Z] <<< [apiv2][body] POST https://cloudresourcemanager.googleapis.com/v1/projects/810582164122:getIamPolicy {"version":1,"etag":"BwZSs01i8MY=","bindings":[{"role":"roles/artifactregistry.serviceAgent","members":["serviceAccount:service-810582164122@gcp-sa-artifactregistry.iam.gserviceaccount.com"]},{"role":"roles/cloudbuild.builds.builder","members":["serviceAccount:810582164122@cloudbuild.gserviceaccount.com"]},{"role":"roles/cloudbuild.serviceAgent","members":["serviceAccount:service-810582164122@gcp-sa-cloudbuild.iam.gserviceaccount.com"]},{"role":"roles/cloudfunctions.admin","members":["serviceAccount:firebase-adminsdk-fbsvc@ayrsteel-2026.iam.gserviceaccount.com"]},{"role":"roles/cloudfunctions.serviceAgent","members":["serviceAccount:service-810582164122@gcf-admin-robot.iam.gserviceaccount.com"]},{"role":"roles/cloudtasks.serviceAgent","members":["serviceAccount:service-810582164122@gcp-sa-cloudtasks.iam.gserviceaccount.com"]},{"role":"roles/containerregistry.ServiceAgent","members":["serviceAccount:service-810582164122@containerregistry.iam.gserviceaccount.com"]},{"role":"roles/datastore.user","members":["serviceAccount:ext-firestore-algolia-sea-mtub@ayrsteel-2026.iam.gserviceaccount.com","serviceAccount:ext-firestore-algolia-sea-nn17@ayrsteel-2026.iam.gserviceaccount.com","serviceAccount:ext-firestore-algolia-sea-nyop@ayrsteel-2026.iam.gserviceaccount.com","serviceAccount:ext-firestore-algolia-sea-rkxq@ayrsteel-2026.iam.gserviceaccount.com","serviceAccount:ext-firestore-algolia-search@ayrsteel-2026.iam.gserviceaccount.com"]},{"role":"roles/editor","members":["serviceAccount:810582164122-compute@developer.gserviceaccount.com","serviceAccount:810582164122@cloudservices.gserviceaccount.com"]},{"role":"roles/firebase.managementServiceAgent","members":["serviceAccount:service-810582164122@gcp-sa-firebase.iam.gserviceaccount.com"]},{"role":"roles/firebase.sdkAdminServiceAgent","members":["serviceAccount:firebase-adminsdk-fbsvc@ayrsteel-2026.iam.gserviceaccount.com"]},{"role":"roles/firebaseauth.admin","members":["serviceAccount:firebase-adminsdk-fbsvc@ayrsteel-2026.iam.gserviceaccount.com"]},{"role":"roles/firebasemods.serviceAgent","members":["serviceAccount:service-810582164122@gcp-sa-firebasemods.iam.gserviceaccount.com"]},{"role":"roles/firebaserules.system","members":["serviceAccount:service-810582164122@firebase-rules.iam.gserviceaccount.com"]},{"role":"roles/firebasestorage.serviceAgent","members":["serviceAccount:service-810582164122@gcp-sa-firebasestorage.iam.gserviceaccount.com"]},{"role":"roles/firestore.serviceAgent","members":["serviceAccount:service-810582164122@gcp-sa-firestore.iam.gserviceaccount.com"]},{"role":"roles/iam.serviceAccountTokenCreator","members":["serviceAccount:firebase-adminsdk-fbsvc@ayrsteel-2026.iam.gserviceaccount.com"]},{"role":"roles/owner","members":["user:gsinuiri@gmail.com"]},{"role":"roles/run.serviceAgent","members":["serviceAccount:service-810582164122@serverless-robot-prod.iam.gserviceaccount.com"]},{"role":"roles/storage.admin","members":["serviceAccount:firebase-adminsdk-fbsvc@ayrsteel-2026.iam.gserviceaccount.com"]}]}
[debug] [2026-05-26T07:18:38.414Z] Checked if tokens are valid: true, expires at: 1779783468534
[debug] [2026-05-26T07:18:38.414Z] Checked if tokens are valid: true, expires at: 1779783468534
[debug] [2026-05-26T07:18:38.415Z] >>> [apiv2][query] POST https://cloudresourcemanager.googleapis.com/v1/projects/810582164122:setIamPolicy [none]
[debug] [2026-05-26T07:18:38.415Z] >>> [apiv2][body] POST https://cloudresourcemanager.googleapis.com/v1/projects/810582164122:setIamPolicy {"policy":{"version":1,"etag":"BwZSs01i8MY=","bindings":[{"role":"roles/artifactregistry.serviceAgent","members":["serviceAccount:service-810582164122@gcp-sa-artifactregistry.iam.gserviceaccount.com"]},{"role":"roles/cloudbuild.builds.builder","members":["serviceAccount:810582164122@cloudbuild.gserviceaccount.com"]},{"role":"roles/cloudbuild.serviceAgent","members":["serviceAccount:service-810582164122@gcp-sa-cloudbuild.iam.gserviceaccount.com"]},{"role":"roles/cloudfunctions.admin","members":["serviceAccount:firebase-adminsdk-fbsvc@ayrsteel-2026.iam.gserviceaccount.com"]},{"role":"roles/cloudfunctions.serviceAgent","members":["serviceAccount:service-810582164122@gcf-admin-robot.iam.gserviceaccount.com"]},{"role":"roles/cloudtasks.serviceAgent","members":["serviceAccount:service-810582164122@gcp-sa-cloudtasks.iam.gserviceaccount.com"]},{"role":"roles/containerregistry.ServiceAgent","members":["serviceAccount:service-810582164122@containerregistry.iam.gserviceaccount.com"]},{"role":"roles/datastore.user","members":["serviceAccount:ext-firestore-algolia-sea-mtub@ayrsteel-2026.iam.gserviceaccount.com","serviceAccount:ext-firestore-algolia-sea-nn17@ayrsteel-2026.iam.gserviceaccount.com","serviceAccount:ext-firestore-algolia-sea-nyop@ayrsteel-2026.iam.gserviceaccount.com","serviceAccount:ext-firestore-algolia-sea-rkxq@ayrsteel-2026.iam.gserviceaccount.com","serviceAccount:ext-firestore-algolia-search@ayrsteel-2026.iam.gserviceaccount.com"]},{"role":"roles/editor","members":["serviceAccount:810582164122-compute@developer.gserviceaccount.com","serviceAccount:810582164122@cloudservices.gserviceaccount.com"]},{"role":"roles/firebase.managementServiceAgent","members":["serviceAccount:service-810582164122@gcp-sa-firebase.iam.gserviceaccount.com"]},{"role":"roles/firebase.sdkAdminServiceAgent","members":["serviceAccount:firebase-adminsdk-fbsvc@ayrsteel-2026.iam.gserviceaccount.com"]},{"role":"roles/firebaseauth.admin","members":["serviceAccount:firebase-adminsdk-fbsvc@ayrsteel-2026.iam.gserviceaccount.com"]},{"role":"roles/firebasemods.serviceAgent","members":["serviceAccount:service-810582164122@gcp-sa-firebasemods.iam.gserviceaccount.com"]},{"role":"roles/firebaserules.system","members":["serviceAccount:service-810582164122@firebase-rules.iam.gserviceaccount.com"]},{"role":"roles/firebasestorage.serviceAgent","members":["serviceAccount:service-810582164122@gcp-sa-firebasestorage.iam.gserviceaccount.com"]},{"role":"roles/firestore.serviceAgent","members":["serviceAccount:service-810582164122@gcp-sa-firestore.iam.gserviceaccount.com"]},{"role":"roles/iam.serviceAccountTokenCreator","members":["serviceAccount:firebase-adminsdk-fbsvc@ayrsteel-2026.iam.gserviceaccount.com","serviceAccount:service-810582164122@gcp-sa-pubsub.iam.gserviceaccount.com"]},{"role":"roles/owner","members":["user:gsinuiri@gmail.com"]},{"role":"roles/run.serviceAgent","members":["serviceAccount:service-810582164122@serverless-robot-prod.iam.gserviceaccount.com"]},{"role":"roles/storage.admin","members":["serviceAccount:firebase-adminsdk-fbsvc@ayrsteel-2026.iam.gserviceaccount.com"]},{"role":"roles/run.invoker","members":["serviceAccount:810582164122-compute@developer.gserviceaccount.com"]},{"role":"roles/eventarc.eventReceiver","members":["serviceAccount:810582164122-compute@developer.gserviceaccount.com"]}]},"updateMask":"bindings"}
[debug] [2026-05-26T07:18:39.774Z] <<< [apiv2][status] POST https://cloudresourcemanager.googleapis.com/v1/projects/810582164122:setIamPolicy 200
[debug] [2026-05-26T07:18:39.774Z] <<< [apiv2][body] POST https://cloudresourcemanager.googleapis.com/v1/projects/810582164122:setIamPolicy {"version":1,"etag":"BwZSs03lN84=","bindings":[{"role":"roles/artifactregistry.serviceAgent","members":["serviceAccount:service-810582164122@gcp-sa-artifactregistry.iam.gserviceaccount.com"]},{"role":"roles/cloudbuild.builds.builder","members":["serviceAccount:810582164122@cloudbuild.gserviceaccount.com"]},{"role":"roles/cloudbuild.serviceAgent","members":["serviceAccount:service-810582164122@gcp-sa-cloudbuild.iam.gserviceaccount.com"]},{"role":"roles/cloudfunctions.admin","members":["serviceAccount:firebase-adminsdk-fbsvc@ayrsteel-2026.iam.gserviceaccount.com"]},{"role":"roles/cloudfunctions.serviceAgent","members":["serviceAccount:service-810582164122@gcf-admin-robot.iam.gserviceaccount.com"]},{"role":"roles/cloudtasks.serviceAgent","members":["serviceAccount:service-810582164122@gcp-sa-cloudtasks.iam.gserviceaccount.com"]},{"role":"roles/containerregistry.ServiceAgent","members":["serviceAccount:service-810582164122@containerregistry.iam.gserviceaccount.com"]},{"role":"roles/datastore.user","members":["serviceAccount:ext-firestore-algolia-sea-mtub@ayrsteel-2026.iam.gserviceaccount.com","serviceAccount:ext-firestore-algolia-sea-nn17@ayrsteel-2026.iam.gserviceaccount.com","serviceAccount:ext-firestore-algolia-sea-nyop@ayrsteel-2026.iam.gserviceaccount.com","serviceAccount:ext-firestore-algolia-sea-rkxq@ayrsteel-2026.iam.gserviceaccount.com","serviceAccount:ext-firestore-algolia-search@ayrsteel-2026.iam.gserviceaccount.com"]},{"role":"roles/editor","members":["serviceAccount:810582164122-compute@developer.gserviceaccount.com","serviceAccount:810582164122@cloudservices.gserviceaccount.com"]},{"role":"roles/eventarc.eventReceiver","members":["serviceAccount:810582164122-compute@developer.gserviceaccount.com"]},{"role":"roles/firebase.managementServiceAgent","members":["serviceAccount:service-810582164122@gcp-sa-firebase.iam.gserviceaccount.com"]},{"role":"roles/firebase.sdkAdminServiceAgent","members":["serviceAccount:firebase-adminsdk-fbsvc@ayrsteel-2026.iam.gserviceaccount.com"]},{"role":"roles/firebaseauth.admin","members":["serviceAccount:firebase-adminsdk-fbsvc@ayrsteel-2026.iam.gserviceaccount.com"]},{"role":"roles/firebasemods.serviceAgent","members":["serviceAccount:service-810582164122@gcp-sa-firebasemods.iam.gserviceaccount.com"]},{"role":"roles/firebaserules.system","members":["serviceAccount:service-810582164122@firebase-rules.iam.gserviceaccount.com"]},{"role":"roles/firebasestorage.serviceAgent","members":["serviceAccount:service-810582164122@gcp-sa-firebasestorage.iam.gserviceaccount.com"]},{"role":"roles/firestore.serviceAgent","members":["serviceAccount:service-810582164122@gcp-sa-firestore.iam.gserviceaccount.com"]},{"role":"roles/iam.serviceAccountTokenCreator","members":["serviceAccount:firebase-adminsdk-fbsvc@ayrsteel-2026.iam.gserviceaccount.com","serviceAccount:service-810582164122@gcp-sa-pubsub.iam.gserviceaccount.com"]},{"role":"roles/owner","members":["user:gsinuiri@gmail.com"]},{"role":"roles/run.invoker","members":["serviceAccount:810582164122-compute@developer.gserviceaccount.com"]},{"role":"roles/run.serviceAgent","members":["serviceAccount:service-810582164122@serverless-robot-prod.iam.gserviceaccount.com"]},{"role":"roles/storage.admin","members":["serviceAccount:firebase-adminsdk-fbsvc@ayrsteel-2026.iam.gserviceaccount.com"]}]}
[debug] [2026-05-26T07:18:39.775Z] Checked if tokens are valid: true, expires at: 1779783468534
[debug] [2026-05-26T07:18:39.775Z] Checked if tokens are valid: true, expires at: 1779783468534
[debug] [2026-05-26T07:18:39.775Z] >>> [apiv2][query] GET https://cloudresourcemanager.googleapis.com/v1/projects/ayrsteel-2026 [none]
[debug] [2026-05-26T07:18:40.075Z] <<< [apiv2][status] GET https://cloudresourcemanager.googleapis.com/v1/projects/ayrsteel-2026 200
[debug] [2026-05-26T07:18:40.075Z] <<< [apiv2][body] GET https://cloudresourcemanager.googleapis.com/v1/projects/ayrsteel-2026 {"projectNumber":"810582164122","projectId":"ayrsteel-2026","lifecycleState":"ACTIVE","name":"ayrsteel","labels":{"firebase":"enabled","firebase-core":"disabled"},"createTime":"2025-12-31T05:58:22.105619Z"}
[debug] [2026-05-26T07:18:40.075Z] Checked if tokens are valid: true, expires at: 1779783468534
[debug] [2026-05-26T07:18:40.075Z] Checked if tokens are valid: true, expires at: 1779783468534
[debug] [2026-05-26T07:18:40.075Z] >>> [apiv2][query] GET https://compute.googleapis.com/compute/v1/projects/810582164122 [none]
[debug] [2026-05-26T07:18:40.320Z] <<< [apiv2][status] GET https://compute.googleapis.com/compute/v1/projects/810582164122 403
[debug] [2026-05-26T07:18:40.320Z] <<< [apiv2][body] GET https://compute.googleapis.com/compute/v1/projects/810582164122 {"error":{"code":403,"message":"Compute Engine API has not been used in project 810582164122 before or it is disabled. Enable it by visiting https://console.developers.google.com/apis/api/compute.googleapis.com/overview?project=810582164122 then retry. If you enabled this API recently, wait a few minutes for the action to propagate to our systems and retry.","errors":[{"message":"Compute Engine API has not been used in project 810582164122 before or it is disabled. Enable it by visiting https://console.developers.google.com/apis/api/compute.googleapis.com/overview?project=810582164122 then retry. If you enabled this API recently, wait a few minutes for the action to propagate to our systems and retry.","domain":"usageLimits","reason":"accessNotConfigured","extendedHelp":"https://console.developers.google.com"}],"status":"PERMISSION_DENIED","details":[{"@type":"type.googleapis.com/google.rpc.ErrorInfo","reason":"SERVICE_DISABLED","domain":"googleapis.com","metadata":{"serviceTitle":"Compute Engine API","activationUrl":"https://console.developers.google.com/apis/api/compute.googleapis.com/overview?project=810582164122","consumer":"projects/810582164122","service":"compute.googleapis.com","containerInfo":"810582164122"}},{"@type":"type.googleapis.com/google.rpc.LocalizedMessage","locale":"en-US","message":"Compute Engine API has not been used in project 810582164122 before or it is disabled. Enable it by visiting https://console.developers.google.com/apis/api/compute.googleapis.com/overview?project=810582164122 then retry. If you enabled this API recently, wait a few minutes for the action to propagate to our systems and retry."},{"@type":"type.googleapis.com/google.rpc.Help","links":[{"description":"Google developers console API activation","url":"https://console.developers.google.com/apis/api/compute.googleapis.com/overview?project=810582164122"}]}]}}
[debug] [2026-05-26T07:18:40.321Z] unable to look up default compute service account. Falling back to 810582164122-compute@developer.gserviceaccount.com. Error: {"name":"FirebaseError","children":[],"context":{"body":{"error":{"code":403,"message":"Compute Engine API has not been used in project 810582164122 before or it is disabled. Enable it by visiting https://console.developers.google.com/apis/api/compute.googleapis.com/overview?project=810582164122 then retry. If you enabled this API recently, wait a few minutes for the action to propagate to our systems and retry.","errors":[{"message":"Compute Engine API has not been used in project 810582164122 before or it is disabled. Enable it by visiting https://console.developers.google.com/apis/api/compute.googleapis.com/overview?project=810582164122 then retry. If you enabled this API recently, wait a few minutes for the action to propagate to our systems and retry.","domain":"usageLimits","reason":"accessNotConfigured","extendedHelp":"https://console.developers.google.com"}],"status":"PERMISSION_DENIED","details":[{"@type":"type.googleapis.com/google.rpc.ErrorInfo","reason":"SERVICE_DISABLED","domain":"googleapis.com","metadata":{"serviceTitle":"Compute Engine API","activationUrl":"https://console.developers.google.com/apis/api/compute.googleapis.com/overview?project=810582164122","consumer":"projects/810582164122","service":"compute.googleapis.com","containerInfo":"810582164122"}},{"@type":"type.googleapis.com/google.rpc.LocalizedMessage","locale":"en-US","message":"Compute Engine API has not been used in project 810582164122 before or it is disabled. Enable it by visiting https://console.developers.google.com/apis/api/compute.googleapis.com/overview?project=810582164122 then retry. If you enabled this API recently, wait a few minutes for the action to propagate to our systems and retry."},{"@type":"type.googleapis.com/google.rpc.Help","links":[{"description":"Google developers console API activation","url":"https://console.developers.google.com/apis/api/compute.googleapis.com/overview?project=810582164122"}]}]}},"response":{"statusCode":403}},"exit":1,"message":"Request to https://compute.googleapis.com/compute/v1/projects/810582164122 had HTTP Error: 403, Compute Engine API has not been used in project 810582164122 before or it is disabled. Enable it by visiting https://console.developers.google.com/apis/api/compute.googleapis.com/overview?project=810582164122 then retry. If you enabled this API recently, wait a few minutes for the action to propagate to our systems and retry.","status":403}
[debug] [2026-05-26T07:18:40.321Z] Checked if tokens are valid: true, expires at: 1779783468534
[debug] [2026-05-26T07:18:40.321Z] Checked if tokens are valid: true, expires at: 1779783468534
[debug] [2026-05-26T07:18:40.321Z] >>> [apiv2][query] GET https://compute.googleapis.com/compute/v1/projects/810582164122 [none]
[debug] [2026-05-26T07:18:40.585Z] <<< [apiv2][status] GET https://compute.googleapis.com/compute/v1/projects/810582164122 403
[debug] [2026-05-26T07:18:40.585Z] <<< [apiv2][body] GET https://compute.googleapis.com/compute/v1/projects/810582164122 {"error":{"code":403,"message":"Compute Engine API has not been used in project 810582164122 before or it is disabled. Enable it by visiting https://console.developers.google.com/apis/api/compute.googleapis.com/overview?project=810582164122 then retry. If you enabled this API recently, wait a few minutes for the action to propagate to our systems and retry.","errors":[{"message":"Compute Engine API has not been used in project 810582164122 before or it is disabled. Enable it by visiting https://console.developers.google.com/apis/api/compute.googleapis.com/overview?project=810582164122 then retry. If you enabled this API recently, wait a few minutes for the action to propagate to our systems and retry.","domain":"usageLimits","reason":"accessNotConfigured","extendedHelp":"https://console.developers.google.com"}],"status":"PERMISSION_DENIED","details":[{"@type":"type.googleapis.com/google.rpc.ErrorInfo","reason":"SERVICE_DISABLED","domain":"googleapis.com","metadata":{"activationUrl":"https://console.developers.google.com/apis/api/compute.googleapis.com/overview?project=810582164122","consumer":"projects/810582164122","containerInfo":"810582164122","serviceTitle":"Compute Engine API","service":"compute.googleapis.com"}},{"@type":"type.googleapis.com/google.rpc.LocalizedMessage","locale":"en-US","message":"Compute Engine API has not been used in project 810582164122 before or it is disabled. Enable it by visiting https://console.developers.google.com/apis/api/compute.googleapis.com/overview?project=810582164122 then retry. If you enabled this API recently, wait a few minutes for the action to propagate to our systems and retry."},{"@type":"type.googleapis.com/google.rpc.Help","links":[{"description":"Google developers console API activation","url":"https://console.developers.google.com/apis/api/compute.googleapis.com/overview?project=810582164122"}]}]}}
[debug] [2026-05-26T07:18:40.585Z] unable to look up default compute service account. Falling back to 810582164122-compute@developer.gserviceaccount.com. Error: {"name":"FirebaseError","children":[],"context":{"body":{"error":{"code":403,"message":"Compute Engine API has not been used in project 810582164122 before or it is disabled. Enable it by visiting https://console.developers.google.com/apis/api/compute.googleapis.com/overview?project=810582164122 then retry. If you enabled this API recently, wait a few minutes for the action to propagate to our systems and retry.","errors":[{"message":"Compute Engine API has not been used in project 810582164122 before or it is disabled. Enable it by visiting https://console.developers.google.com/apis/api/compute.googleapis.com/overview?project=810582164122 then retry. If you enabled this API recently, wait a few minutes for the action to propagate to our systems and retry.","domain":"usageLimits","reason":"accessNotConfigured","extendedHelp":"https://console.developers.google.com"}],"status":"PERMISSION_DENIED","details":[{"@type":"type.googleapis.com/google.rpc.ErrorInfo","reason":"SERVICE_DISABLED","domain":"googleapis.com","metadata":{"activationUrl":"https://console.developers.google.com/apis/api/compute.googleapis.com/overview?project=810582164122","consumer":"projects/810582164122","containerInfo":"810582164122","serviceTitle":"Compute Engine API","service":"compute.googleapis.com"}},{"@type":"type.googleapis.com/google.rpc.LocalizedMessage","locale":"en-US","message":"Compute Engine API has not been used in project 810582164122 before or it is disabled. Enable it by visiting https://console.developers.google.com/apis/api/compute.googleapis.com/overview?project=810582164122 then retry. If you enabled this API recently, wait a few minutes for the action to propagate to our systems and retry."},{"@type":"type.googleapis.com/google.rpc.Help","links":[{"description":"Google developers console API activation","url":"https://console.developers.google.com/apis/api/compute.googleapis.com/overview?project=810582164122"}]}]}},"response":{"statusCode":403}},"exit":1,"message":"Request to https://compute.googleapis.com/compute/v1/projects/810582164122 had HTTP Error: 403, Compute Engine API has not been used in project 810582164122 before or it is disabled. Enable it by visiting https://console.developers.google.com/apis/api/compute.googleapis.com/overview?project=810582164122 then retry. If you enabled this API recently, wait a few minutes for the action to propagate to our systems and retry.","status":403}
[debug] [2026-05-26T07:18:40.587Z] Checked if tokens are valid: true, expires at: 1779783468534
[debug] [2026-05-26T07:18:40.587Z] Checked if tokens are valid: true, expires at: 1779783468534
[debug] [2026-05-26T07:18:40.587Z] >>> [apiv2][query] GET https://cloudbilling.googleapis.com/v1/projects/ayrsteel-2026/billingInfo [none]
[debug] [2026-05-26T07:18:41.748Z] <<< [apiv2][status] GET https://cloudbilling.googleapis.com/v1/projects/ayrsteel-2026/billingInfo 200
[debug] [2026-05-26T07:18:41.748Z] <<< [apiv2][body] GET https://cloudbilling.googleapis.com/v1/projects/ayrsteel-2026/billingInfo {"name":"projects/ayrsteel-2026/billingInfo","projectId":"ayrsteel-2026","billingAccountName":"billingAccounts/0118E3-0F79CC-A376F0","billingEnabled":true}
[debug] [2026-05-26T07:18:41.749Z] Checked if tokens are valid: true, expires at: 1779783468534
[debug] [2026-05-26T07:18:41.749Z] Checked if tokens are valid: true, expires at: 1779783468534
[debug] [2026-05-26T07:18:41.749Z] >>> [apiv2][query] POST https://cloudfunctions.googleapis.com/v2/projects/ayrsteel-2026/locations/us-central1/functions:generateUploadUrl [none]
[debug] [2026-05-26T07:18:43.367Z] <<< [apiv2][status] POST https://cloudfunctions.googleapis.com/v2/projects/ayrsteel-2026/locations/us-central1/functions:generateUploadUrl 200
[debug] [2026-05-26T07:18:43.367Z] <<< [apiv2][body] POST https://cloudfunctions.googleapis.com/v2/projects/ayrsteel-2026/locations/us-central1/functions:generateUploadUrl {"uploadUrl":"https://storage.googleapis.com/gcf-v2-uploads-810582164122.us-central1.cloudfunctions.appspot.com/354d545c-0413-40a6-87a7-27b6d7d8e308.zip?GoogleAccessId=service-810582164122@gcf-admin-robot.iam.gserviceaccount.com&Expires=1779781723&Signature=s%2FhJaqg%2B2wWJt6S3GQbU8zOxGgxF5kDG0FNrpkTy9KbnGVGEzJxkNyZyBfguibEPX4odHyeOl9z5DU3pt7NZ8YNaINXWxA3fvNu%2BZJv0o2bgIOm70KwLvcQpyk8a8AihTuY8BbaJGKxfcN7MSywb5tY0sjOyMvJmJ%2Ft110rpYLIKknA7cnaLyYunpD7Z%2F8HjeoWx2ivGIDpOD3BeoXfkDMe2x7JuEVR6qrcngEV81dAgDqmhPoStPCz%2BcIT2eH3uaFl7GSMY%2F%2FbjhybvaD8Rn7Uoqp9%2BAEXBdySV9lRWh1tO9u4J%2BO4%2Fluh81tzb%2FhYc5dhEp83f%2BKwSvPnZ6j3IWA%3D%3D","storageSource":{"bucket":"gcf-v2-uploads-810582164122.us-central1.cloudfunctions.appspot.com","object":"354d545c-0413-40a6-87a7-27b6d7d8e308.zip"}}
[debug] [2026-05-26T07:18:43.367Z] >>> [apiv2][query] PUT https://storage.googleapis.com/gcf-v2-uploads-810582164122.us-central1.cloudfunctions.appspot.com/354d545c-0413-40a6-87a7-27b6d7d8e308.zip GoogleAccessId=service-810582164122%40gcf-admin-robot.iam.gserviceaccount.com&Expires=1779781723&Signature=s%2FhJaqg%2B2wWJt6S3GQbU8zOxGgxF5kDG0FNrpkTy9KbnGVGEzJxkNyZyBfguibEPX4odHyeOl9z5DU3pt7NZ8YNaINXWxA3fvNu%2BZJv0o2bgIOm70KwLvcQpyk8a8AihTuY8BbaJGKxfcN7MSywb5tY0sjOyMvJmJ%2Ft110rpYLIKknA7cnaLyYunpD7Z%2F8HjeoWx2ivGIDpOD3BeoXfkDMe2x7JuEVR6qrcngEV81dAgDqmhPoStPCz%2BcIT2eH3uaFl7GSMY%2F%2FbjhybvaD8Rn7Uoqp9%2BAEXBdySV9lRWh1tO9u4J%2BO4%2Fluh81tzb%2FhYc5dhEp83f%2BKwSvPnZ6j3IWA%3D%3D
[debug] [2026-05-26T07:18:43.367Z] >>> [apiv2][body] PUT https://storage.googleapis.com/gcf-v2-uploads-810582164122.us-central1.cloudfunctions.appspot.com/354d545c-0413-40a6-87a7-27b6d7d8e308.zip [stream]
[debug] [2026-05-26T07:18:44.974Z] <<< [apiv2][status] PUT https://storage.googleapis.com/gcf-v2-uploads-810582164122.us-central1.cloudfunctions.appspot.com/354d545c-0413-40a6-87a7-27b6d7d8e308.zip 200
[debug] [2026-05-26T07:18:44.974Z] <<< [apiv2][body] PUT https://storage.googleapis.com/gcf-v2-uploads-810582164122.us-central1.cloudfunctions.appspot.com/354d545c-0413-40a6-87a7-27b6d7d8e308.zip [omitted]
[info] +  functions: functions source uploaded successfully 
[info] i  functions: creating Node.js 24 (2nd Gen) function getNextSaleNumber(us-central1)... 
[info] i  functions: creating Node.js 24 (2nd Gen) function onSaleCreated(us-central1)... 
[debug] [2026-05-26T07:18:44.980Z] Checked if tokens are valid: true, expires at: 1779783468534
[debug] [2026-05-26T07:18:44.980Z] Checked if tokens are valid: true, expires at: 1779783468534
[debug] [2026-05-26T07:18:44.980Z] >>> [apiv2][query] POST https://cloudfunctions.googleapis.com/v2/projects/ayrsteel-2026/locations/us-central1/functions functionId=getNextSaleNumber
[debug] [2026-05-26T07:18:44.980Z] >>> [apiv2][body] POST https://cloudfunctions.googleapis.com/v2/projects/ayrsteel-2026/locations/us-central1/functions {"name":"projects/ayrsteel-2026/locations/us-central1/functions/getNextSaleNumber","buildConfig":{"runtime":"nodejs24","entryPoint":"getNextSaleNumber","source":{"storageSource":{"bucket":"gcf-v2-uploads-810582164122.us-central1.cloudfunctions.appspot.com","object":"354d545c-0413-40a6-87a7-27b6d7d8e308.zip"}},"environmentVariables":{"GOOGLE_NODE_RUN_SCRIPTS":""}},"serviceConfig":{"environmentVariables":{"FIREBASE_CONFIG":"{\"projectId\":\"ayrsteel-2026\",\"storageBucket\":\"ayrsteel-2026.firebasestorage.app\"}","GCLOUD_PROJECT":"ayrsteel-2026","EVENTARC_CLOUD_EVENT_SOURCE":"projects/ayrsteel-2026/locations/REGION_TBD/services/getNextSaleNumber","FUNCTION_TARGET":"getNextSaleNumber","LOG_EXECUTION_ID":"true"},"ingressSettings":null,"timeoutSeconds":null,"serviceAccountEmail":null,"availableMemory":"256Mi","minInstanceCount":null,"maxInstanceCount":10,"maxInstanceRequestConcurrency":80,"availableCpu":"1","vpcConnector":null,"vpcConnectorEgressSettings":null,"directVpcNetworkInterface":null,"directVpcEgress":null},"labels":{"deployment-tool":"cli-firebase","deployment-callable":"true","firebase-functions-hash":"587659e5f5ba7321f99eb25a24ffaa203e30fa16"}}
[debug] [2026-05-26T07:18:47.347Z] <<< [apiv2][status] POST https://cloudfunctions.googleapis.com/v2/projects/ayrsteel-2026/locations/us-central1/functions 200
[debug] [2026-05-26T07:18:47.347Z] <<< [apiv2][body] POST https://cloudfunctions.googleapis.com/v2/projects/ayrsteel-2026/locations/us-central1/functions {"name":"projects/ayrsteel-2026/locations/us-central1/operations/operation-1779779926005-652b34e4496ba-bede2d63-6489e40b","metadata":{"@type":"type.googleapis.com/google.cloud.functions.v2.OperationMetadata","createTime":"2026-05-26T07:18:47.333966239Z","target":"projects/ayrsteel-2026/locations/us-central1/functions/getNextSaleNumber","verb":"create","cancelRequested":false,"apiVersion":"v2"},"done":false}
[debug] [2026-05-26T07:18:47.347Z] Checked if tokens are valid: true, expires at: 1779783468534
[debug] [2026-05-26T07:18:47.347Z] Checked if tokens are valid: true, expires at: 1779783468534
[debug] [2026-05-26T07:18:47.348Z] >>> [apiv2][query] GET https://cloudfunctions.googleapis.com/v2/projects/ayrsteel-2026/locations/us-central1/operations/operation-1779779926005-652b34e4496ba-bede2d63-6489e40b [none]
[debug] [2026-05-26T07:18:48.304Z] <<< [apiv2][status] GET https://cloudfunctions.googleapis.com/v2/projects/ayrsteel-2026/locations/us-central1/operations/operation-1779779926005-652b34e4496ba-bede2d63-6489e40b 200
[debug] [2026-05-26T07:18:48.304Z] <<< [apiv2][body] GET https://cloudfunctions.googleapis.com/v2/projects/ayrsteel-2026/locations/us-central1/operations/operation-1779779926005-652b34e4496ba-bede2d63-6489e40b {"name":"projects/ayrsteel-2026/locations/us-central1/operations/operation-1779779926005-652b34e4496ba-bede2d63-6489e40b","metadata":{"@type":"type.googleapis.com/google.cloud.functions.v2.OperationMetadata","createTime":"2026-05-26T07:18:47.333966239Z","target":"projects/ayrsteel-2026/locations/us-central1/functions/getNextSaleNumber","verb":"create","cancelRequested":false,"apiVersion":"v2","requestResource":{"@type":"type.googleapis.com/google.cloud.functions.v2.Function","name":"projects/ayrsteel-2026/locations/us-central1/functions/getNextSaleNumber","buildConfig":{"runtime":"nodejs24","entryPoint":"getNextSaleNumber","source":{"storageSource":{"bucket":"gcf-v2-sources-810582164122-us-central1","object":"getNextSaleNumber/function-source.zip","generation":"1779779926968092"}},"environmentVariables":{"GOOGLE_NODE_RUN_SCRIPTS":""},"serviceAccount":"projects/ayrsteel-2026/serviceAccounts/810582164122-compute@developer.gserviceaccount.com","automaticUpdatePolicy":{}},"serviceConfig":{"service":"projects/ayrsteel-2026/locations/us-central1/services/getnextsalenumber","timeoutSeconds":60,"environmentVariables":{"FIREBASE_CONFIG":"{\"projectId\":\"ayrsteel-2026\",\"storageBucket\":\"ayrsteel-2026.firebasestorage.app\"}","GCLOUD_PROJECT":"ayrsteel-2026","EVENTARC_CLOUD_EVENT_SOURCE":"projects/ayrsteel-2026/locations/REGION_TBD/services/getNextSaleNumber","FUNCTION_TARGET":"getNextSaleNumber","LOG_EXECUTION_ID":"true"},"maxInstanceCount":10,"ingressSettings":"ALLOW_ALL","serviceAccountEmail":"810582164122-compute@developer.gserviceaccount.com","availableMemory":"256Mi","maxInstanceRequestConcurrency":80,"availableCpu":"1"},"labels":{"deployment-tool":"cli-firebase","deployment-callable":"true","firebase-functions-hash":"587659e5f5ba7321f99eb25a24ffaa203e30fa16"},"environment":"GEN_2"},"stages":[{"name":"BUILD","message":"Creating build","state":"IN_PROGRESS","resource":"projects/810582164122/locations/us-central1/builds/5fdd4e01-8320-4679-8ee8-cb89f2fc785a","resourceUri":"https://console.cloud.google.com/cloud-build/builds;region=us-central1/5fdd4e01-8320-4679-8ee8-cb89f2fc785a?project=810582164122"},{"name":"SERVICE","state":"NOT_STARTED"}],"operationType":"CREATE_FUNCTION","buildName":"projects/810582164122/locations/us-central1/builds/5fdd4e01-8320-4679-8ee8-cb89f2fc785a"},"done":false}
[debug] [2026-05-26T07:18:48.812Z] [create-default-us-central1-getNextSaleNumber] Retrying task index 0
[debug] [2026-05-26T07:18:48.812Z] Checked if tokens are valid: true, expires at: 1779783468534
[debug] [2026-05-26T07:18:48.812Z] Checked if tokens are valid: true, expires at: 1779783468534
[debug] [2026-05-26T07:18:48.812Z] >>> [apiv2][query] GET https://cloudfunctions.googleapis.com/v2/projects/ayrsteel-2026/locations/us-central1/operations/operation-1779779926005-652b34e4496ba-bede2d63-6489e40b [none]
[debug] [2026-05-26T07:18:49.908Z] <<< [apiv2][status] GET https://cloudfunctions.googleapis.com/v2/projects/ayrsteel-2026/locations/us-central1/operations/operation-1779779926005-652b34e4496ba-bede2d63-6489e40b 200
[debug] [2026-05-26T07:18:49.908Z] <<< [apiv2][body] GET https://cloudfunctions.googleapis.com/v2/projects/ayrsteel-2026/locations/us-central1/operations/operation-1779779926005-652b34e4496ba-bede2d63-6489e40b {"name":"projects/ayrsteel-2026/locations/us-central1/operations/operation-1779779926005-652b34e4496ba-bede2d63-6489e40b","metadata":{"@type":"type.googleapis.com/google.cloud.functions.v2.OperationMetadata","createTime":"2026-05-26T07:18:47.333966239Z","target":"projects/ayrsteel-2026/locations/us-central1/functions/getNextSaleNumber","verb":"create","cancelRequested":false,"apiVersion":"v2","requestResource":{"@type":"type.googleapis.com/google.cloud.functions.v2.Function","name":"projects/ayrsteel-2026/locations/us-central1/functions/getNextSaleNumber","buildConfig":{"runtime":"nodejs24","entryPoint":"getNextSaleNumber","source":{"storageSource":{"bucket":"gcf-v2-sources-810582164122-us-central1","object":"getNextSaleNumber/function-source.zip","generation":"1779779926968092"}},"environmentVariables":{"GOOGLE_NODE_RUN_SCRIPTS":""},"serviceAccount":"projects/ayrsteel-2026/serviceAccounts/810582164122-compute@developer.gserviceaccount.com","automaticUpdatePolicy":{}},"serviceConfig":{"service":"projects/ayrsteel-2026/locations/us-central1/services/getnextsalenumber","timeoutSeconds":60,"environmentVariables":{"FIREBASE_CONFIG":"{\"projectId\":\"ayrsteel-2026\",\"storageBucket\":\"ayrsteel-2026.firebasestorage.app\"}","GCLOUD_PROJECT":"ayrsteel-2026","EVENTARC_CLOUD_EVENT_SOURCE":"projects/ayrsteel-2026/locations/REGION_TBD/services/getNextSaleNumber","FUNCTION_TARGET":"getNextSaleNumber","LOG_EXECUTION_ID":"true"},"maxInstanceCount":10,"ingressSettings":"ALLOW_ALL","serviceAccountEmail":"810582164122-compute@developer.gserviceaccount.com","availableMemory":"256Mi","maxInstanceRequestConcurrency":80,"availableCpu":"1"},"labels":{"deployment-tool":"cli-firebase","deployment-callable":"true","firebase-functions-hash":"587659e5f5ba7321f99eb25a24ffaa203e30fa16"},"environment":"GEN_2"},"stages":[{"name":"BUILD","message":"Build in progress","state":"IN_PROGRESS","resource":"projects/810582164122/locations/us-central1/builds/5fdd4e01-8320-4679-8ee8-cb89f2fc785a","resourceUri":"https://console.cloud.google.com/cloud-build/builds;region=us-central1/5fdd4e01-8320-4679-8ee8-cb89f2fc785a?project=810582164122"},{"name":"SERVICE","state":"NOT_STARTED"}],"operationType":"CREATE_FUNCTION","buildName":"projects/810582164122/locations/us-central1/builds/5fdd4e01-8320-4679-8ee8-cb89f2fc785a"},"done":false}
[debug] [2026-05-26T07:18:50.918Z] [create-default-us-central1-getNextSaleNumber] Retrying task index 0
[debug] [2026-05-26T07:18:50.918Z] Checked if tokens are valid: true, expires at: 1779783468534
[debug] [2026-05-26T07:18:50.919Z] Checked if tokens are valid: true, expires at: 1779783468534
[debug] [2026-05-26T07:18:50.919Z] >>> [apiv2][query] GET https://cloudfunctions.googleapis.com/v2/projects/ayrsteel-2026/locations/us-central1/operations/operation-1779779926005-652b34e4496ba-bede2d63-6489e40b [none]
[debug] [2026-05-26T07:18:51.888Z] <<< [apiv2][status] GET https://cloudfunctions.googleapis.com/v2/projects/ayrsteel-2026/locations/us-central1/operations/operation-1779779926005-652b34e4496ba-bede2d63-6489e40b 200
[debug] [2026-05-26T07:18:51.888Z] <<< [apiv2][body] GET https://cloudfunctions.googleapis.com/v2/projects/ayrsteel-2026/locations/us-central1/operations/operation-1779779926005-652b34e4496ba-bede2d63-6489e40b {"name":"projects/ayrsteel-2026/locations/us-central1/operations/operation-1779779926005-652b34e4496ba-bede2d63-6489e40b","metadata":{"@type":"type.googleapis.com/google.cloud.functions.v2.OperationMetadata","createTime":"2026-05-26T07:18:47.333966239Z","target":"projects/ayrsteel-2026/locations/us-central1/functions/getNextSaleNumber","verb":"create","cancelRequested":false,"apiVersion":"v2","requestResource":{"@type":"type.googleapis.com/google.cloud.functions.v2.Function","name":"projects/ayrsteel-2026/locations/us-central1/functions/getNextSaleNumber","buildConfig":{"runtime":"nodejs24","entryPoint":"getNextSaleNumber","source":{"storageSource":{"bucket":"gcf-v2-sources-810582164122-us-central1","object":"getNextSaleNumber/function-source.zip","generation":"1779779926968092"}},"environmentVariables":{"GOOGLE_NODE_RUN_SCRIPTS":""},"serviceAccount":"projects/ayrsteel-2026/serviceAccounts/810582164122-compute@developer.gserviceaccount.com","automaticUpdatePolicy":{}},"serviceConfig":{"service":"projects/ayrsteel-2026/locations/us-central1/services/getnextsalenumber","timeoutSeconds":60,"environmentVariables":{"FIREBASE_CONFIG":"{\"projectId\":\"ayrsteel-2026\",\"storageBucket\":\"ayrsteel-2026.firebasestorage.app\"}","GCLOUD_PROJECT":"ayrsteel-2026","EVENTARC_CLOUD_EVENT_SOURCE":"projects/ayrsteel-2026/locations/REGION_TBD/services/getNextSaleNumber","FUNCTION_TARGET":"getNextSaleNumber","LOG_EXECUTION_ID":"true"},"maxInstanceCount":10,"ingressSettings":"ALLOW_ALL","serviceAccountEmail":"810582164122-compute@developer.gserviceaccount.com","availableMemory":"256Mi","maxInstanceRequestConcurrency":80,"availableCpu":"1"},"labels":{"deployment-tool":"cli-firebase","deployment-callable":"true","firebase-functions-hash":"587659e5f5ba7321f99eb25a24ffaa203e30fa16"},"environment":"GEN_2"},"stages":[{"name":"BUILD","message":"Build in progress","state":"IN_PROGRESS","resource":"projects/810582164122/locations/us-central1/builds/5fdd4e01-8320-4679-8ee8-cb89f2fc785a","resourceUri":"https://console.cloud.google.com/cloud-build/builds;region=us-central1/5fdd4e01-8320-4679-8ee8-cb89f2fc785a?project=810582164122"},{"name":"SERVICE","state":"NOT_STARTED"}],"operationType":"CREATE_FUNCTION","buildName":"projects/810582164122/locations/us-central1/builds/5fdd4e01-8320-4679-8ee8-cb89f2fc785a"},"done":false}
[debug] [2026-05-26T07:18:53.894Z] [create-default-us-central1-getNextSaleNumber] Retrying task index 0
[debug] [2026-05-26T07:18:53.894Z] Checked if tokens are valid: true, expires at: 1779783468534
[debug] [2026-05-26T07:18:53.894Z] Checked if tokens are valid: true, expires at: 1779783468534
[debug] [2026-05-26T07:18:53.895Z] >>> [apiv2][query] GET https://cloudfunctions.googleapis.com/v2/projects/ayrsteel-2026/locations/us-central1/operations/operation-1779779926005-652b34e4496ba-bede2d63-6489e40b [none]
[debug] [2026-05-26T07:18:54.853Z] <<< [apiv2][status] GET https://cloudfunctions.googleapis.com/v2/projects/ayrsteel-2026/locations/us-central1/operations/operation-1779779926005-652b34e4496ba-bede2d63-6489e40b 200
[debug] [2026-05-26T07:18:54.854Z] <<< [apiv2][body] GET https://cloudfunctions.googleapis.com/v2/projects/ayrsteel-2026/locations/us-central1/operations/operation-1779779926005-652b34e4496ba-bede2d63-6489e40b {"name":"projects/ayrsteel-2026/locations/us-central1/operations/operation-1779779926005-652b34e4496ba-bede2d63-6489e40b","metadata":{"@type":"type.googleapis.com/google.cloud.functions.v2.OperationMetadata","createTime":"2026-05-26T07:18:47.333966239Z","target":"projects/ayrsteel-2026/locations/us-central1/functions/getNextSaleNumber","verb":"create","cancelRequested":false,"apiVersion":"v2","requestResource":{"@type":"type.googleapis.com/google.cloud.functions.v2.Function","name":"projects/ayrsteel-2026/locations/us-central1/functions/getNextSaleNumber","buildConfig":{"runtime":"nodejs24","entryPoint":"getNextSaleNumber","source":{"storageSource":{"bucket":"gcf-v2-sources-810582164122-us-central1","object":"getNextSaleNumber/function-source.zip","generation":"1779779926968092"}},"environmentVariables":{"GOOGLE_NODE_RUN_SCRIPTS":""},"serviceAccount":"projects/ayrsteel-2026/serviceAccounts/810582164122-compute@developer.gserviceaccount.com","automaticUpdatePolicy":{}},"serviceConfig":{"service":"projects/ayrsteel-2026/locations/us-central1/services/getnextsalenumber","timeoutSeconds":60,"environmentVariables":{"FIREBASE_CONFIG":"{\"projectId\":\"ayrsteel-2026\",\"storageBucket\":\"ayrsteel-2026.firebasestorage.app\"}","GCLOUD_PROJECT":"ayrsteel-2026","EVENTARC_CLOUD_EVENT_SOURCE":"projects/ayrsteel-2026/locations/REGION_TBD/services/getNextSaleNumber","FUNCTION_TARGET":"getNextSaleNumber","LOG_EXECUTION_ID":"true"},"maxInstanceCount":10,"ingressSettings":"ALLOW_ALL","serviceAccountEmail":"810582164122-compute@developer.gserviceaccount.com","availableMemory":"256Mi","maxInstanceRequestConcurrency":80,"availableCpu":"1"},"labels":{"deployment-tool":"cli-firebase","deployment-callable":"true","firebase-functions-hash":"587659e5f5ba7321f99eb25a24ffaa203e30fa16"},"environment":"GEN_2"},"stages":[{"name":"BUILD","message":"Build in progress","state":"IN_PROGRESS","resource":"projects/810582164122/locations/us-central1/builds/5fdd4e01-8320-4679-8ee8-cb89f2fc785a","resourceUri":"https://console.cloud.google.com/cloud-build/builds;region=us-central1/5fdd4e01-8320-4679-8ee8-cb89f2fc785a?project=810582164122"},{"name":"SERVICE","state":"NOT_STARTED"}],"operationType":"CREATE_FUNCTION","buildName":"projects/810582164122/locations/us-central1/builds/5fdd4e01-8320-4679-8ee8-cb89f2fc785a"},"done":false}
[debug] [2026-05-26T07:18:58.856Z] [create-default-us-central1-getNextSaleNumber] Retrying task index 0
[debug] [2026-05-26T07:18:58.856Z] Checked if tokens are valid: true, expires at: 1779783468534
[debug] [2026-05-26T07:18:58.856Z] Checked if tokens are valid: true, expires at: 1779783468534
[debug] [2026-05-26T07:18:58.856Z] >>> [apiv2][query] GET https://cloudfunctions.googleapis.com/v2/projects/ayrsteel-2026/locations/us-central1/operations/operation-1779779926005-652b34e4496ba-bede2d63-6489e40b [none]
[debug] [2026-05-26T07:18:59.815Z] <<< [apiv2][status] GET https://cloudfunctions.googleapis.com/v2/projects/ayrsteel-2026/locations/us-central1/operations/operation-1779779926005-652b34e4496ba-bede2d63-6489e40b 200
[debug] [2026-05-26T07:18:59.815Z] <<< [apiv2][body] GET https://cloudfunctions.googleapis.com/v2/projects/ayrsteel-2026/locations/us-central1/operations/operation-1779779926005-652b34e4496ba-bede2d63-6489e40b {"name":"projects/ayrsteel-2026/locations/us-central1/operations/operation-1779779926005-652b34e4496ba-bede2d63-6489e40b","metadata":{"@type":"type.googleapis.com/google.cloud.functions.v2.OperationMetadata","createTime":"2026-05-26T07:18:47.333966239Z","target":"projects/ayrsteel-2026/locations/us-central1/functions/getNextSaleNumber","verb":"create","cancelRequested":false,"apiVersion":"v2","requestResource":{"@type":"type.googleapis.com/google.cloud.functions.v2.Function","name":"projects/ayrsteel-2026/locations/us-central1/functions/getNextSaleNumber","buildConfig":{"runtime":"nodejs24","entryPoint":"getNextSaleNumber","source":{"storageSource":{"bucket":"gcf-v2-sources-810582164122-us-central1","object":"getNextSaleNumber/function-source.zip","generation":"1779779926968092"}},"environmentVariables":{"GOOGLE_NODE_RUN_SCRIPTS":""},"serviceAccount":"projects/ayrsteel-2026/serviceAccounts/810582164122-compute@developer.gserviceaccount.com","automaticUpdatePolicy":{}},"serviceConfig":{"service":"projects/ayrsteel-2026/locations/us-central1/services/getnextsalenumber","timeoutSeconds":60,"environmentVariables":{"FIREBASE_CONFIG":"{\"projectId\":\"ayrsteel-2026\",\"storageBucket\":\"ayrsteel-2026.firebasestorage.app\"}","GCLOUD_PROJECT":"ayrsteel-2026","EVENTARC_CLOUD_EVENT_SOURCE":"projects/ayrsteel-2026/locations/REGION_TBD/services/getNextSaleNumber","FUNCTION_TARGET":"getNextSaleNumber","LOG_EXECUTION_ID":"true"},"maxInstanceCount":10,"ingressSettings":"ALLOW_ALL","serviceAccountEmail":"810582164122-compute@developer.gserviceaccount.com","availableMemory":"256Mi","maxInstanceRequestConcurrency":80,"availableCpu":"1"},"labels":{"deployment-tool":"cli-firebase","deployment-callable":"true","firebase-functions-hash":"587659e5f5ba7321f99eb25a24ffaa203e30fa16"},"environment":"GEN_2"},"stages":[{"name":"BUILD","message":"Build in progress","state":"IN_PROGRESS","resource":"projects/810582164122/locations/us-central1/builds/5fdd4e01-8320-4679-8ee8-cb89f2fc785a","resourceUri":"https://console.cloud.google.com/cloud-build/builds;region=us-central1/5fdd4e01-8320-4679-8ee8-cb89f2fc785a?project=810582164122"},{"name":"SERVICE","state":"NOT_STARTED"}],"operationType":"CREATE_FUNCTION","buildName":"projects/810582164122/locations/us-central1/builds/5fdd4e01-8320-4679-8ee8-cb89f2fc785a"},"done":false}
[debug] [2026-05-26T07:19:07.827Z] [create-default-us-central1-getNextSaleNumber] Retrying task index 0
[debug] [2026-05-26T07:19:07.827Z] Checked if tokens are valid: true, expires at: 1779783468534
[debug] [2026-05-26T07:19:07.828Z] Checked if tokens are valid: true, expires at: 1779783468534
[debug] [2026-05-26T07:19:07.828Z] >>> [apiv2][query] GET https://cloudfunctions.googleapis.com/v2/projects/ayrsteel-2026/locations/us-central1/operations/operation-1779779926005-652b34e4496ba-bede2d63-6489e40b [none]
[debug] [2026-05-26T07:19:08.916Z] <<< [apiv2][status] GET https://cloudfunctions.googleapis.com/v2/projects/ayrsteel-2026/locations/us-central1/operations/operation-1779779926005-652b34e4496ba-bede2d63-6489e40b 200
[debug] [2026-05-26T07:19:08.916Z] <<< [apiv2][body] GET https://cloudfunctions.googleapis.com/v2/projects/ayrsteel-2026/locations/us-central1/operations/operation-1779779926005-652b34e4496ba-bede2d63-6489e40b {"name":"projects/ayrsteel-2026/locations/us-central1/operations/operation-1779779926005-652b34e4496ba-bede2d63-6489e40b","metadata":{"@type":"type.googleapis.com/google.cloud.functions.v2.OperationMetadata","createTime":"2026-05-26T07:18:47.333966239Z","target":"projects/ayrsteel-2026/locations/us-central1/functions/getNextSaleNumber","verb":"create","cancelRequested":false,"apiVersion":"v2","requestResource":{"@type":"type.googleapis.com/google.cloud.functions.v2.Function","name":"projects/ayrsteel-2026/locations/us-central1/functions/getNextSaleNumber","buildConfig":{"runtime":"nodejs24","entryPoint":"getNextSaleNumber","source":{"storageSource":{"bucket":"gcf-v2-sources-810582164122-us-central1","object":"getNextSaleNumber/function-source.zip","generation":"1779779926968092"}},"environmentVariables":{"GOOGLE_NODE_RUN_SCRIPTS":""},"serviceAccount":"projects/ayrsteel-2026/serviceAccounts/810582164122-compute@developer.gserviceaccount.com","automaticUpdatePolicy":{}},"serviceConfig":{"service":"projects/ayrsteel-2026/locations/us-central1/services/getnextsalenumber","timeoutSeconds":60,"environmentVariables":{"FIREBASE_CONFIG":"{\"projectId\":\"ayrsteel-2026\",\"storageBucket\":\"ayrsteel-2026.firebasestorage.app\"}","GCLOUD_PROJECT":"ayrsteel-2026","EVENTARC_CLOUD_EVENT_SOURCE":"projects/ayrsteel-2026/locations/REGION_TBD/services/getNextSaleNumber","FUNCTION_TARGET":"getNextSaleNumber","LOG_EXECUTION_ID":"true"},"maxInstanceCount":10,"ingressSettings":"ALLOW_ALL","serviceAccountEmail":"810582164122-compute@developer.gserviceaccount.com","availableMemory":"256Mi","maxInstanceRequestConcurrency":80,"availableCpu":"1"},"labels":{"deployment-tool":"cli-firebase","deployment-callable":"true","firebase-functions-hash":"587659e5f5ba7321f99eb25a24ffaa203e30fa16"},"environment":"GEN_2"},"stages":[{"name":"BUILD","message":"Build in progress","state":"IN_PROGRESS","resource":"projects/810582164122/locations/us-central1/builds/5fdd4e01-8320-4679-8ee8-cb89f2fc785a","resourceUri":"https://console.cloud.google.com/cloud-build/builds;region=us-central1/5fdd4e01-8320-4679-8ee8-cb89f2fc785a?project=810582164122"},{"name":"SERVICE","state":"NOT_STARTED"}],"operationType":"CREATE_FUNCTION","buildName":"projects/810582164122/locations/us-central1/builds/5fdd4e01-8320-4679-8ee8-cb89f2fc785a"},"done":false}
[debug] [2026-05-26T07:19:18.921Z] [create-default-us-central1-getNextSaleNumber] Retrying task index 0
[debug] [2026-05-26T07:19:18.921Z] Checked if tokens are valid: true, expires at: 1779783468534
[debug] [2026-05-26T07:19:18.921Z] Checked if tokens are valid: true, expires at: 1779783468534
[debug] [2026-05-26T07:19:18.921Z] >>> [apiv2][query] GET https://cloudfunctions.googleapis.com/v2/projects/ayrsteel-2026/locations/us-central1/operations/operation-1779779926005-652b34e4496ba-bede2d63-6489e40b [none]
[debug] [2026-05-26T07:19:20.134Z] <<< [apiv2][status] GET https://cloudfunctions.googleapis.com/v2/projects/ayrsteel-2026/locations/us-central1/operations/operation-1779779926005-652b34e4496ba-bede2d63-6489e40b 200
[debug] [2026-05-26T07:19:20.134Z] <<< [apiv2][body] GET https://cloudfunctions.googleapis.com/v2/projects/ayrsteel-2026/locations/us-central1/operations/operation-1779779926005-652b34e4496ba-bede2d63-6489e40b {"name":"projects/ayrsteel-2026/locations/us-central1/operations/operation-1779779926005-652b34e4496ba-bede2d63-6489e40b","metadata":{"@type":"type.googleapis.com/google.cloud.functions.v2.OperationMetadata","createTime":"2026-05-26T07:18:47.333966239Z","target":"projects/ayrsteel-2026/locations/us-central1/functions/getNextSaleNumber","verb":"create","cancelRequested":false,"apiVersion":"v2","requestResource":{"@type":"type.googleapis.com/google.cloud.functions.v2.Function","name":"projects/ayrsteel-2026/locations/us-central1/functions/getNextSaleNumber","buildConfig":{"runtime":"nodejs24","entryPoint":"getNextSaleNumber","source":{"storageSource":{"bucket":"gcf-v2-sources-810582164122-us-central1","object":"getNextSaleNumber/function-source.zip","generation":"1779779926968092"}},"environmentVariables":{"GOOGLE_NODE_RUN_SCRIPTS":""},"serviceAccount":"projects/ayrsteel-2026/serviceAccounts/810582164122-compute@developer.gserviceaccount.com","automaticUpdatePolicy":{}},"serviceConfig":{"service":"projects/ayrsteel-2026/locations/us-central1/services/getnextsalenumber","timeoutSeconds":60,"environmentVariables":{"FIREBASE_CONFIG":"{\"projectId\":\"ayrsteel-2026\",\"storageBucket\":\"ayrsteel-2026.firebasestorage.app\"}","GCLOUD_PROJECT":"ayrsteel-2026","EVENTARC_CLOUD_EVENT_SOURCE":"projects/ayrsteel-2026/locations/REGION_TBD/services/getNextSaleNumber","FUNCTION_TARGET":"getNextSaleNumber","LOG_EXECUTION_ID":"true"},"maxInstanceCount":10,"ingressSettings":"ALLOW_ALL","serviceAccountEmail":"810582164122-compute@developer.gserviceaccount.com","availableMemory":"256Mi","maxInstanceRequestConcurrency":80,"availableCpu":"1"},"labels":{"deployment-tool":"cli-firebase","deployment-callable":"true","firebase-functions-hash":"587659e5f5ba7321f99eb25a24ffaa203e30fa16"},"environment":"GEN_2"},"stages":[{"name":"BUILD","message":"Build in progress","state":"IN_PROGRESS","resource":"projects/810582164122/locations/us-central1/builds/5fdd4e01-8320-4679-8ee8-cb89f2fc785a","resourceUri":"https://console.cloud.google.com/cloud-build/builds;region=us-central1/5fdd4e01-8320-4679-8ee8-cb89f2fc785a?project=810582164122"},{"name":"SERVICE","state":"NOT_STARTED"}],"operationType":"CREATE_FUNCTION","buildName":"projects/810582164122/locations/us-central1/builds/5fdd4e01-8320-4679-8ee8-cb89f2fc785a"},"done":false}
[debug] [2026-05-26T07:19:30.144Z] [create-default-us-central1-getNextSaleNumber] Retrying task index 0
[debug] [2026-05-26T07:19:30.145Z] Checked if tokens are valid: true, expires at: 1779783468534
[debug] [2026-05-26T07:19:30.145Z] Checked if tokens are valid: true, expires at: 1779783468534
[debug] [2026-05-26T07:19:30.145Z] >>> [apiv2][query] GET https://cloudfunctions.googleapis.com/v2/projects/ayrsteel-2026/locations/us-central1/operations/operation-1779779926005-652b34e4496ba-bede2d63-6489e40b [none]
[debug] [2026-05-26T07:19:31.909Z] <<< [apiv2][status] GET https://cloudfunctions.googleapis.com/v2/projects/ayrsteel-2026/locations/us-central1/operations/operation-1779779926005-652b34e4496ba-bede2d63-6489e40b 200
[debug] [2026-05-26T07:19:31.909Z] <<< [apiv2][body] GET https://cloudfunctions.googleapis.com/v2/projects/ayrsteel-2026/locations/us-central1/operations/operation-1779779926005-652b34e4496ba-bede2d63-6489e40b {"name":"projects/ayrsteel-2026/locations/us-central1/operations/operation-1779779926005-652b34e4496ba-bede2d63-6489e40b","metadata":{"@type":"type.googleapis.com/google.cloud.functions.v2.OperationMetadata","createTime":"2026-05-26T07:18:47.333966239Z","target":"projects/ayrsteel-2026/locations/us-central1/functions/getNextSaleNumber","verb":"create","cancelRequested":false,"apiVersion":"v2","requestResource":{"@type":"type.googleapis.com/google.cloud.functions.v2.Function","name":"projects/ayrsteel-2026/locations/us-central1/functions/getNextSaleNumber","buildConfig":{"runtime":"nodejs24","entryPoint":"getNextSaleNumber","source":{"storageSource":{"bucket":"gcf-v2-sources-810582164122-us-central1","object":"getNextSaleNumber/function-source.zip","generation":"1779779926968092"}},"environmentVariables":{"GOOGLE_NODE_RUN_SCRIPTS":""},"serviceAccount":"projects/ayrsteel-2026/serviceAccounts/810582164122-compute@developer.gserviceaccount.com","automaticUpdatePolicy":{}},"serviceConfig":{"service":"projects/ayrsteel-2026/locations/us-central1/services/getnextsalenumber","timeoutSeconds":60,"environmentVariables":{"FIREBASE_CONFIG":"{\"projectId\":\"ayrsteel-2026\",\"storageBucket\":\"ayrsteel-2026.firebasestorage.app\"}","GCLOUD_PROJECT":"ayrsteel-2026","EVENTARC_CLOUD_EVENT_SOURCE":"projects/ayrsteel-2026/locations/REGION_TBD/services/getNextSaleNumber","FUNCTION_TARGET":"getNextSaleNumber","LOG_EXECUTION_ID":"true"},"maxInstanceCount":10,"ingressSettings":"ALLOW_ALL","serviceAccountEmail":"810582164122-compute@developer.gserviceaccount.com","availableMemory":"256Mi","maxInstanceRequestConcurrency":80,"availableCpu":"1"},"labels":{"deployment-tool":"cli-firebase","deployment-callable":"true","firebase-functions-hash":"587659e5f5ba7321f99eb25a24ffaa203e30fa16"},"environment":"GEN_2"},"stages":[{"name":"BUILD","message":"Build in progress","state":"IN_PROGRESS","resource":"projects/810582164122/locations/us-central1/builds/5fdd4e01-8320-4679-8ee8-cb89f2fc785a","resourceUri":"https://console.cloud.google.com/cloud-build/builds;region=us-central1/5fdd4e01-8320-4679-8ee8-cb89f2fc785a?project=810582164122"},{"name":"SERVICE","state":"NOT_STARTED"}],"operationType":"CREATE_FUNCTION","buildName":"projects/810582164122/locations/us-central1/builds/5fdd4e01-8320-4679-8ee8-cb89f2fc785a"},"done":false}
[debug] [2026-05-26T07:19:41.913Z] [create-default-us-central1-getNextSaleNumber] Retrying task index 0
[debug] [2026-05-26T07:19:41.914Z] Checked if tokens are valid: true, expires at: 1779783468534
[debug] [2026-05-26T07:19:41.914Z] Checked if tokens are valid: true, expires at: 1779783468534
[debug] [2026-05-26T07:19:41.914Z] >>> [apiv2][query] GET https://cloudfunctions.googleapis.com/v2/projects/ayrsteel-2026/locations/us-central1/operations/operation-1779779926005-652b34e4496ba-bede2d63-6489e40b [none]
[debug] [2026-05-26T07:19:42.985Z] <<< [apiv2][status] GET https://cloudfunctions.googleapis.com/v2/projects/ayrsteel-2026/locations/us-central1/operations/operation-1779779926005-652b34e4496ba-bede2d63-6489e40b 200
[debug] [2026-05-26T07:19:42.985Z] <<< [apiv2][body] GET https://cloudfunctions.googleapis.com/v2/projects/ayrsteel-2026/locations/us-central1/operations/operation-1779779926005-652b34e4496ba-bede2d63-6489e40b {"name":"projects/ayrsteel-2026/locations/us-central1/operations/operation-1779779926005-652b34e4496ba-bede2d63-6489e40b","metadata":{"@type":"type.googleapis.com/google.cloud.functions.v2.OperationMetadata","createTime":"2026-05-26T07:18:47.333966239Z","target":"projects/ayrsteel-2026/locations/us-central1/functions/getNextSaleNumber","verb":"create","cancelRequested":false,"apiVersion":"v2","requestResource":{"@type":"type.googleapis.com/google.cloud.functions.v2.Function","name":"projects/ayrsteel-2026/locations/us-central1/functions/getNextSaleNumber","buildConfig":{"runtime":"nodejs24","entryPoint":"getNextSaleNumber","source":{"storageSource":{"bucket":"gcf-v2-sources-810582164122-us-central1","object":"getNextSaleNumber/function-source.zip","generation":"1779779926968092"}},"environmentVariables":{"GOOGLE_NODE_RUN_SCRIPTS":""},"serviceAccount":"projects/ayrsteel-2026/serviceAccounts/810582164122-compute@developer.gserviceaccount.com","automaticUpdatePolicy":{}},"serviceConfig":{"service":"projects/ayrsteel-2026/locations/us-central1/services/getnextsalenumber","timeoutSeconds":60,"environmentVariables":{"FIREBASE_CONFIG":"{\"projectId\":\"ayrsteel-2026\",\"storageBucket\":\"ayrsteel-2026.firebasestorage.app\"}","GCLOUD_PROJECT":"ayrsteel-2026","EVENTARC_CLOUD_EVENT_SOURCE":"projects/ayrsteel-2026/locations/REGION_TBD/services/getNextSaleNumber","FUNCTION_TARGET":"getNextSaleNumber","LOG_EXECUTION_ID":"true"},"maxInstanceCount":10,"ingressSettings":"ALLOW_ALL","serviceAccountEmail":"810582164122-compute@developer.gserviceaccount.com","availableMemory":"256Mi","maxInstanceRequestConcurrency":80,"availableCpu":"1"},"labels":{"deployment-tool":"cli-firebase","deployment-callable":"true","firebase-functions-hash":"587659e5f5ba7321f99eb25a24ffaa203e30fa16"},"environment":"GEN_2"},"stages":[{"name":"BUILD","message":"Build in progress","state":"IN_PROGRESS","resource":"projects/810582164122/locations/us-central1/builds/5fdd4e01-8320-4679-8ee8-cb89f2fc785a","resourceUri":"https://console.cloud.google.com/cloud-build/builds;region=us-central1/5fdd4e01-8320-4679-8ee8-cb89f2fc785a?project=810582164122"},{"name":"SERVICE","state":"NOT_STARTED"}],"operationType":"CREATE_FUNCTION","buildName":"projects/810582164122/locations/us-central1/builds/5fdd4e01-8320-4679-8ee8-cb89f2fc785a"},"done":false}
[debug] [2026-05-26T07:19:53.003Z] [create-default-us-central1-getNextSaleNumber] Retrying task index 0
[debug] [2026-05-26T07:19:53.003Z] Checked if tokens are valid: true, expires at: 1779783468534
[debug] [2026-05-26T07:19:53.003Z] Checked if tokens are valid: true, expires at: 1779783468534
[debug] [2026-05-26T07:19:53.003Z] >>> [apiv2][query] GET https://cloudfunctions.googleapis.com/v2/projects/ayrsteel-2026/locations/us-central1/operations/operation-1779779926005-652b34e4496ba-bede2d63-6489e40b [none]
[debug] [2026-05-26T07:19:54.092Z] <<< [apiv2][status] GET https://cloudfunctions.googleapis.com/v2/projects/ayrsteel-2026/locations/us-central1/operations/operation-1779779926005-652b34e4496ba-bede2d63-6489e40b 200
[debug] [2026-05-26T07:19:54.092Z] <<< [apiv2][body] GET https://cloudfunctions.googleapis.com/v2/projects/ayrsteel-2026/locations/us-central1/operations/operation-1779779926005-652b34e4496ba-bede2d63-6489e40b {"name":"projects/ayrsteel-2026/locations/us-central1/operations/operation-1779779926005-652b34e4496ba-bede2d63-6489e40b","metadata":{"@type":"type.googleapis.com/google.cloud.functions.v2.OperationMetadata","createTime":"2026-05-26T07:18:47.333966239Z","target":"projects/ayrsteel-2026/locations/us-central1/functions/getNextSaleNumber","verb":"create","cancelRequested":false,"apiVersion":"v2","requestResource":{"@type":"type.googleapis.com/google.cloud.functions.v2.Function","name":"projects/ayrsteel-2026/locations/us-central1/functions/getNextSaleNumber","buildConfig":{"runtime":"nodejs24","entryPoint":"getNextSaleNumber","source":{"storageSource":{"bucket":"gcf-v2-sources-810582164122-us-central1","object":"getNextSaleNumber/function-source.zip","generation":"1779779926968092"}},"environmentVariables":{"GOOGLE_NODE_RUN_SCRIPTS":""},"serviceAccount":"projects/ayrsteel-2026/serviceAccounts/810582164122-compute@developer.gserviceaccount.com","automaticUpdatePolicy":{}},"serviceConfig":{"service":"projects/ayrsteel-2026/locations/us-central1/services/getnextsalenumber","timeoutSeconds":60,"environmentVariables":{"FIREBASE_CONFIG":"{\"projectId\":\"ayrsteel-2026\",\"storageBucket\":\"ayrsteel-2026.firebasestorage.app\"}","GCLOUD_PROJECT":"ayrsteel-2026","EVENTARC_CLOUD_EVENT_SOURCE":"projects/ayrsteel-2026/locations/REGION_TBD/services/getNextSaleNumber","FUNCTION_TARGET":"getNextSaleNumber","LOG_EXECUTION_ID":"true"},"maxInstanceCount":10,"ingressSettings":"ALLOW_ALL","serviceAccountEmail":"810582164122-compute@developer.gserviceaccount.com","availableMemory":"256Mi","maxInstanceRequestConcurrency":80,"availableCpu":"1"},"labels":{"deployment-tool":"cli-firebase","deployment-callable":"true","firebase-functions-hash":"587659e5f5ba7321f99eb25a24ffaa203e30fa16"},"environment":"GEN_2"},"stages":[{"name":"BUILD","message":"Build finished","state":"COMPLETE","resource":"projects/810582164122/locations/us-central1/builds/5fdd4e01-8320-4679-8ee8-cb89f2fc785a","resourceUri":"https://console.cloud.google.com/cloud-build/builds;region=us-central1/5fdd4e01-8320-4679-8ee8-cb89f2fc785a?project=810582164122"},{"name":"SERVICE","message":"Creating Cloud Run service","state":"IN_PROGRESS","resource":"projects/ayrsteel-2026/locations/us-central1/services/getnextsalenumber","resourceUri":"https://console.cloud.google.com/run/detail/us-central1/getnextsalenumber?project=ayrsteel-2026"}],"sourceToken":"Cldwcm9qZWN0cy84MTA1ODIxNjQxMjIvbG9jYXRpb25zL3VzLWNlbnRyYWwxL2J1aWxkcy81ZmRkNGUwMS04MzIwLTQ2NzktOGVlOC1jYjg5ZjJmYzc4NWESc3VzLWNlbnRyYWwxLWRvY2tlci5wa2cuZGV2L2F5cnN0ZWVsLTIwMjYvZ2NmLWFydGlmYWN0cy9heXJzdGVlbC0tMjAyNl9fdXMtLWNlbnRyYWwxX19nZXRfbmV4dF9zYWxlX251bWJlcjp2ZXJzaW9uXzEYmoXZ08sXIkhwcm9qZWN0cy9heXJzdGVlbC0yMDI2L2xvY2F0aW9ucy91cy1jZW50cmFsMS9mdW5jdGlvbnMvZ2V0TmV4dFNhbGVOdW1iZXIqCwiQk9XQBhDInsJhMghub2RlanMyNDp2CiNnY3IuaW8vZ2FlLXJ1bnRpbWVzL25vZGVqczI0OnN0YWJsZRJPdXMtY2VudHJhbDEtZG9ja2VyLnBrZy5kZXYvc2VydmVybGVzcy1ydW50aW1lcy9nb29nbGUtMjQtZnVsbC9ydW50aW1lcy9ub2RlanMyNEAB","operationType":"CREATE_FUNCTION","buildName":"projects/810582164122/locations/us-central1/builds/5fdd4e01-8320-4679-8ee8-cb89f2fc785a"},"done":false}
[debug] [2026-05-26T07:19:54.092Z] Got source token Cldwcm9qZWN0cy84MTA1ODIxNjQxMjIvbG9jYXRpb25zL3VzLWNlbnRyYWwxL2J1aWxkcy81ZmRkNGUwMS04MzIwLTQ2NzktOGVlOC1jYjg5ZjJmYzc4NWESc3VzLWNlbnRyYWwxLWRvY2tlci5wa2cuZGV2L2F5cnN0ZWVsLTIwMjYvZ2NmLWFydGlmYWN0cy9heXJzdGVlbC0tMjAyNl9fdXMtLWNlbnRyYWwxX19nZXRfbmV4dF9zYWxlX251bWJlcjp2ZXJzaW9uXzEYmoXZ08sXIkhwcm9qZWN0cy9heXJzdGVlbC0yMDI2L2xvY2F0aW9ucy91cy1jZW50cmFsMS9mdW5jdGlvbnMvZ2V0TmV4dFNhbGVOdW1iZXIqCwiQk9XQBhDInsJhMghub2RlanMyNDp2CiNnY3IuaW8vZ2FlLXJ1bnRpbWVzL25vZGVqczI0OnN0YWJsZRJPdXMtY2VudHJhbDEtZG9ja2VyLnBrZy5kZXYvc2VydmVybGVzcy1ydW50aW1lcy9nb29nbGUtMjQtZnVsbC9ydW50aW1lcy9ub2RlanMyNEAB for region us-central1
[debug] [2026-05-26T07:19:54.092Z] Checked if tokens are valid: true, expires at: 1779783468534
[debug] [2026-05-26T07:19:54.092Z] Checked if tokens are valid: true, expires at: 1779783468534
[debug] [2026-05-26T07:19:54.092Z] >>> [apiv2][query] POST https://cloudfunctions.googleapis.com/v2/projects/ayrsteel-2026/locations/us-central1/functions functionId=onSaleCreated
[debug] [2026-05-26T07:19:54.092Z] >>> [apiv2][body] POST https://cloudfunctions.googleapis.com/v2/projects/ayrsteel-2026/locations/us-central1/functions {"name":"projects/ayrsteel-2026/locations/us-central1/functions/onSaleCreated","buildConfig":{"runtime":"nodejs24","entryPoint":"onSaleCreated","source":{"storageSource":{"bucket":"gcf-v2-uploads-810582164122.us-central1.cloudfunctions.appspot.com","object":"354d545c-0413-40a6-87a7-27b6d7d8e308.zip"}},"environmentVariables":{"GOOGLE_NODE_RUN_SCRIPTS":""},"sourceToken":"Cldwcm9qZWN0cy84MTA1ODIxNjQxMjIvbG9jYXRpb25zL3VzLWNlbnRyYWwxL2J1aWxkcy81ZmRkNGUwMS04MzIwLTQ2NzktOGVlOC1jYjg5ZjJmYzc4NWESc3VzLWNlbnRyYWwxLWRvY2tlci5wa2cuZGV2L2F5cnN0ZWVsLTIwMjYvZ2NmLWFydGlmYWN0cy9heXJzdGVlbC0tMjAyNl9fdXMtLWNlbnRyYWwxX19nZXRfbmV4dF9zYWxlX251bWJlcjp2ZXJzaW9uXzEYmoXZ08sXIkhwcm9qZWN0cy9heXJzdGVlbC0yMDI2L2xvY2F0aW9ucy91cy1jZW50cmFsMS9mdW5jdGlvbnMvZ2V0TmV4dFNhbGVOdW1iZXIqCwiQk9XQBhDInsJhMghub2RlanMyNDp2CiNnY3IuaW8vZ2FlLXJ1bnRpbWVzL25vZGVqczI0OnN0YWJsZRJPdXMtY2VudHJhbDEtZG9ja2VyLnBrZy5kZXYvc2VydmVybGVzcy1ydW50aW1lcy9nb29nbGUtMjQtZnVsbC9ydW50aW1lcy9ub2RlanMyNEAB"},"serviceConfig":{"environmentVariables":{"FIREBASE_CONFIG":"{\"projectId\":\"ayrsteel-2026\",\"storageBucket\":\"ayrsteel-2026.firebasestorage.app\"}","GCLOUD_PROJECT":"ayrsteel-2026","EVENTARC_CLOUD_EVENT_SOURCE":"projects/ayrsteel-2026/locations/REGION_TBD/services/onSaleCreated","FUNCTION_SIGNATURE_TYPE":"cloudevent","FUNCTION_TARGET":"onSaleCreated","LOG_EXECUTION_ID":"true"},"ingressSettings":null,"timeoutSeconds":null,"serviceAccountEmail":null,"availableMemory":"256Mi","minInstanceCount":null,"maxInstanceCount":10,"maxInstanceRequestConcurrency":80,"availableCpu":"1","vpcConnector":null,"vpcConnectorEgressSettings":null,"directVpcNetworkInterface":null,"directVpcEgress":null},"labels":{"deployment-tool":"cli-firebase","firebase-functions-hash":"587659e5f5ba7321f99eb25a24ffaa203e30fa16"},"eventTrigger":{"eventType":"google.cloud.firestore.document.v1.created","retryPolicy":"RETRY_POLICY_DO_NOT_RETRY","eventFilters":[{"attribute":"database","value":"(default)"},{"attribute":"namespace","value":"(default)"},{"attribute":"document","value":"sales/{saleId}","operator":"match-path-pattern"}],"triggerRegion":"nam5"}}
[debug] [2026-05-26T07:20:04.099Z] [create-default-us-central1-getNextSaleNumber] Retrying task index 0
[debug] [2026-05-26T07:20:04.099Z] Checked if tokens are valid: true, expires at: 1779783468534
[debug] [2026-05-26T07:20:04.099Z] Checked if tokens are valid: true, expires at: 1779783468534
[debug] [2026-05-26T07:20:04.099Z] >>> [apiv2][query] GET https://cloudfunctions.googleapis.com/v2/projects/ayrsteel-2026/locations/us-central1/operations/operation-1779779926005-652b34e4496ba-bede2d63-6489e40b [none]
[debug] [2026-05-26T07:20:05.202Z] <<< [apiv2][status] GET https://cloudfunctions.googleapis.com/v2/projects/ayrsteel-2026/locations/us-central1/operations/operation-1779779926005-652b34e4496ba-bede2d63-6489e40b 200
[debug] [2026-05-26T07:20:05.202Z] <<< [apiv2][body] GET https://cloudfunctions.googleapis.com/v2/projects/ayrsteel-2026/locations/us-central1/operations/operation-1779779926005-652b34e4496ba-bede2d63-6489e40b {"name":"projects/ayrsteel-2026/locations/us-central1/operations/operation-1779779926005-652b34e4496ba-bede2d63-6489e40b","metadata":{"@type":"type.googleapis.com/google.cloud.functions.v2.OperationMetadata","createTime":"2026-05-26T07:18:47.333966239Z","target":"projects/ayrsteel-2026/locations/us-central1/functions/getNextSaleNumber","verb":"create","cancelRequested":false,"apiVersion":"v2","requestResource":{"@type":"type.googleapis.com/google.cloud.functions.v2.Function","name":"projects/ayrsteel-2026/locations/us-central1/functions/getNextSaleNumber","buildConfig":{"runtime":"nodejs24","entryPoint":"getNextSaleNumber","source":{"storageSource":{"bucket":"gcf-v2-sources-810582164122-us-central1","object":"getNextSaleNumber/function-source.zip","generation":"1779779926968092"}},"environmentVariables":{"GOOGLE_NODE_RUN_SCRIPTS":""},"serviceAccount":"projects/ayrsteel-2026/serviceAccounts/810582164122-compute@developer.gserviceaccount.com","automaticUpdatePolicy":{}},"serviceConfig":{"service":"projects/ayrsteel-2026/locations/us-central1/services/getnextsalenumber","timeoutSeconds":60,"environmentVariables":{"FIREBASE_CONFIG":"{\"projectId\":\"ayrsteel-2026\",\"storageBucket\":\"ayrsteel-2026.firebasestorage.app\"}","GCLOUD_PROJECT":"ayrsteel-2026","EVENTARC_CLOUD_EVENT_SOURCE":"projects/ayrsteel-2026/locations/REGION_TBD/services/getNextSaleNumber","FUNCTION_TARGET":"getNextSaleNumber","LOG_EXECUTION_ID":"true"},"maxInstanceCount":10,"ingressSettings":"ALLOW_ALL","serviceAccountEmail":"810582164122-compute@developer.gserviceaccount.com","availableMemory":"256Mi","maxInstanceRequestConcurrency":80,"availableCpu":"1"},"labels":{"deployment-tool":"cli-firebase","deployment-callable":"true","firebase-functions-hash":"587659e5f5ba7321f99eb25a24ffaa203e30fa16"},"environment":"GEN_2"},"stages":[{"name":"BUILD","message":"Build finished","state":"COMPLETE","resource":"projects/810582164122/locations/us-central1/builds/5fdd4e01-8320-4679-8ee8-cb89f2fc785a","resourceUri":"https://console.cloud.google.com/cloud-build/builds;region=us-central1/5fdd4e01-8320-4679-8ee8-cb89f2fc785a?project=810582164122"},{"name":"SERVICE","message":"Creating Cloud Run service","state":"IN_PROGRESS","resource":"projects/ayrsteel-2026/locations/us-central1/services/getnextsalenumber","resourceUri":"https://console.cloud.google.com/run/detail/us-central1/getnextsalenumber?project=ayrsteel-2026"}],"sourceToken":"Cldwcm9qZWN0cy84MTA1ODIxNjQxMjIvbG9jYXRpb25zL3VzLWNlbnRyYWwxL2J1aWxkcy81ZmRkNGUwMS04MzIwLTQ2NzktOGVlOC1jYjg5ZjJmYzc4NWESc3VzLWNlbnRyYWwxLWRvY2tlci5wa2cuZGV2L2F5cnN0ZWVsLTIwMjYvZ2NmLWFydGlmYWN0cy9heXJzdGVlbC0tMjAyNl9fdXMtLWNlbnRyYWwxX19nZXRfbmV4dF9zYWxlX251bWJlcjp2ZXJzaW9uXzEYmoXZ08sXIkhwcm9qZWN0cy9heXJzdGVlbC0yMDI2L2xvY2F0aW9ucy91cy1jZW50cmFsMS9mdW5jdGlvbnMvZ2V0TmV4dFNhbGVOdW1iZXIqCwiQk9XQBhDInsJhMghub2RlanMyNDp2CiNnY3IuaW8vZ2FlLXJ1bnRpbWVzL25vZGVqczI0OnN0YWJsZRJPdXMtY2VudHJhbDEtZG9ja2VyLnBrZy5kZXYvc2VydmVybGVzcy1ydW50aW1lcy9nb29nbGUtMjQtZnVsbC9ydW50aW1lcy9ub2RlanMyNEAB","operationType":"CREATE_FUNCTION","buildName":"projects/810582164122/locations/us-central1/builds/5fdd4e01-8320-4679-8ee8-cb89f2fc785a"},"done":false}
[debug] [2026-05-26T07:20:05.202Z] Got source token Cldwcm9qZWN0cy84MTA1ODIxNjQxMjIvbG9jYXRpb25zL3VzLWNlbnRyYWwxL2J1aWxkcy81ZmRkNGUwMS04MzIwLTQ2NzktOGVlOC1jYjg5ZjJmYzc4NWESc3VzLWNlbnRyYWwxLWRvY2tlci5wa2cuZGV2L2F5cnN0ZWVsLTIwMjYvZ2NmLWFydGlmYWN0cy9heXJzdGVlbC0tMjAyNl9fdXMtLWNlbnRyYWwxX19nZXRfbmV4dF9zYWxlX251bWJlcjp2ZXJzaW9uXzEYmoXZ08sXIkhwcm9qZWN0cy9heXJzdGVlbC0yMDI2L2xvY2F0aW9ucy91cy1jZW50cmFsMS9mdW5jdGlvbnMvZ2V0TmV4dFNhbGVOdW1iZXIqCwiQk9XQBhDInsJhMghub2RlanMyNDp2CiNnY3IuaW8vZ2FlLXJ1bnRpbWVzL25vZGVqczI0OnN0YWJsZRJPdXMtY2VudHJhbDEtZG9ja2VyLnBrZy5kZXYvc2VydmVybGVzcy1ydW50aW1lcy9nb29nbGUtMjQtZnVsbC9ydW50aW1lcy9ub2RlanMyNEAB for region us-central1
[debug] [2026-05-26T07:20:10.620Z] <<< [apiv2][status] POST https://cloudfunctions.googleapis.com/v2/projects/ayrsteel-2026/locations/us-central1/functions 400
[debug] [2026-05-26T07:20:10.620Z] <<< [apiv2][body] POST https://cloudfunctions.googleapis.com/v2/projects/ayrsteel-2026/locations/us-central1/functions {"error":{"code":400,"message":"Validation failed for trigger projects/ayrsteel-2026/locations/nam5/triggers/onsalecreated-357981: Invalid resource state for \"\": Permission denied while using the Eventarc Service Agent. If you recently started to use Eventarc, it may take a few minutes before all necessary permissions are propagated to the Service Agent. Otherwise, verify that it has Eventarc Service Agent role.","status":"FAILED_PRECONDITION"}}
[warn] !  functions: Request to https://cloudfunctions.googleapis.com/v2/projects/ayrsteel-2026/locations/us-central1/functions?functionId=onSaleCreated had HTTP Error: 400, Validation failed for trigger projects/ayrsteel-2026/locations/nam5/triggers/onsalecreated-357981: Invalid resource state for "": Permission denied while using the Eventarc Service Agent. If you recently started to use Eventarc, it may take a few minutes before all necessary permissions are propagated to the Service Agent. Otherwise, verify that it has Eventarc Service Agent role. 
[warn] !  functions: Since this is your first time using 2nd gen functions, we need a little bit longer to finish setting everything up. Retry the deployment in a few minutes. 
[warn] !  functions:  failed to create function projects/ayrsteel-2026/locations/us-central1/functions/onSaleCreated 
[error] Failed to create function projects/ayrsteel-2026/locations/us-central1/functions/onSaleCreated
[debug] [2026-05-26T07:20:15.215Z] [create-default-us-central1-getNextSaleNumber] Retrying task index 0
[debug] [2026-05-26T07:20:15.215Z] Checked if tokens are valid: true, expires at: 1779783468534
[debug] [2026-05-26T07:20:15.215Z] Checked if tokens are valid: true, expires at: 1779783468534
[debug] [2026-05-26T07:20:15.216Z] >>> [apiv2][query] GET https://cloudfunctions.googleapis.com/v2/projects/ayrsteel-2026/locations/us-central1/operations/operation-1779779926005-652b34e4496ba-bede2d63-6489e40b [none]
[debug] [2026-05-26T07:20:16.149Z] <<< [apiv2][status] GET https://cloudfunctions.googleapis.com/v2/projects/ayrsteel-2026/locations/us-central1/operations/operation-1779779926005-652b34e4496ba-bede2d63-6489e40b 200
[debug] [2026-05-26T07:20:16.149Z] <<< [apiv2][body] GET https://cloudfunctions.googleapis.com/v2/projects/ayrsteel-2026/locations/us-central1/operations/operation-1779779926005-652b34e4496ba-bede2d63-6489e40b {"name":"projects/ayrsteel-2026/locations/us-central1/operations/operation-1779779926005-652b34e4496ba-bede2d63-6489e40b","metadata":{"@type":"type.googleapis.com/google.cloud.functions.v2.OperationMetadata","createTime":"2026-05-26T07:18:47.333966239Z","endTime":"2026-05-26T07:20:10.711601844Z","target":"projects/ayrsteel-2026/locations/us-central1/functions/getNextSaleNumber","verb":"create","cancelRequested":false,"apiVersion":"v2","requestResource":{"@type":"type.googleapis.com/google.cloud.functions.v2.Function","name":"projects/ayrsteel-2026/locations/us-central1/functions/getNextSaleNumber","buildConfig":{"runtime":"nodejs24","entryPoint":"getNextSaleNumber","source":{"storageSource":{"bucket":"gcf-v2-sources-810582164122-us-central1","object":"getNextSaleNumber/function-source.zip","generation":"1779779926968092"}},"environmentVariables":{"GOOGLE_NODE_RUN_SCRIPTS":""},"serviceAccount":"projects/ayrsteel-2026/serviceAccounts/810582164122-compute@developer.gserviceaccount.com","automaticUpdatePolicy":{}},"serviceConfig":{"service":"projects/ayrsteel-2026/locations/us-central1/services/getnextsalenumber","timeoutSeconds":60,"environmentVariables":{"FIREBASE_CONFIG":"{\"projectId\":\"ayrsteel-2026\",\"storageBucket\":\"ayrsteel-2026.firebasestorage.app\"}","GCLOUD_PROJECT":"ayrsteel-2026","EVENTARC_CLOUD_EVENT_SOURCE":"projects/ayrsteel-2026/locations/REGION_TBD/services/getNextSaleNumber","FUNCTION_TARGET":"getNextSaleNumber","LOG_EXECUTION_ID":"true"},"maxInstanceCount":10,"ingressSettings":"ALLOW_ALL","serviceAccountEmail":"810582164122-compute@developer.gserviceaccount.com","availableMemory":"256Mi","maxInstanceRequestConcurrency":80,"availableCpu":"1"},"labels":{"deployment-tool":"cli-firebase","deployment-callable":"true","firebase-functions-hash":"587659e5f5ba7321f99eb25a24ffaa203e30fa16"},"environment":"GEN_2"},"stages":[{"name":"BUILD","message":"Build finished","state":"COMPLETE","resource":"projects/810582164122/locations/us-central1/builds/5fdd4e01-8320-4679-8ee8-cb89f2fc785a","resourceUri":"https://console.cloud.google.com/cloud-build/builds;region=us-central1/5fdd4e01-8320-4679-8ee8-cb89f2fc785a?project=810582164122"},{"name":"SERVICE","message":"Creating Cloud Run service","state":"COMPLETE","resource":"projects/ayrsteel-2026/locations/us-central1/services/getnextsalenumber","resourceUri":"https://console.cloud.google.com/run/detail/us-central1/getnextsalenumber?project=ayrsteel-2026"}],"sourceToken":"Cldwcm9qZWN0cy84MTA1ODIxNjQxMjIvbG9jYXRpb25zL3VzLWNlbnRyYWwxL2J1aWxkcy81ZmRkNGUwMS04MzIwLTQ2NzktOGVlOC1jYjg5ZjJmYzc4NWESc3VzLWNlbnRyYWwxLWRvY2tlci5wa2cuZGV2L2F5cnN0ZWVsLTIwMjYvZ2NmLWFydGlmYWN0cy9heXJzdGVlbC0tMjAyNl9fdXMtLWNlbnRyYWwxX19nZXRfbmV4dF9zYWxlX251bWJlcjp2ZXJzaW9uXzEYmoXZ08sXIkhwcm9qZWN0cy9heXJzdGVlbC0yMDI2L2xvY2F0aW9ucy91cy1jZW50cmFsMS9mdW5jdGlvbnMvZ2V0TmV4dFNhbGVOdW1iZXIqCwiQk9XQBhDInsJhMghub2RlanMyNDp2CiNnY3IuaW8vZ2FlLXJ1bnRpbWVzL25vZGVqczI0OnN0YWJsZRJPdXMtY2VudHJhbDEtZG9ja2VyLnBrZy5kZXYvc2VydmVybGVzcy1ydW50aW1lcy9nb29nbGUtMjQtZnVsbC9ydW50aW1lcy9ub2RlanMyNEAB","operationType":"CREATE_FUNCTION","buildName":"projects/810582164122/locations/us-central1/builds/5fdd4e01-8320-4679-8ee8-cb89f2fc785a"},"done":true,"response":{"@type":"type.googleapis.com/google.cloud.functions.v2.Function","name":"projects/ayrsteel-2026/locations/us-central1/functions/getNextSaleNumber","buildConfig":{"build":"projects/810582164122/locations/us-central1/builds/5fdd4e01-8320-4679-8ee8-cb89f2fc785a","runtime":"nodejs24","entryPoint":"getNextSaleNumber","source":{"storageSource":{"bucket":"gcf-v2-sources-810582164122-us-central1","object":"getNextSaleNumber/function-source.zip","generation":"1779779926968092"}},"environmentVariables":{"GOOGLE_NODE_RUN_SCRIPTS":""},"dockerRepository":"projects/ayrsteel-2026/locations/us-central1/repositories/gcf-artifacts","sourceProvenance":{"resolvedStorageSource":{"bucket":"gcf-v2-sources-810582164122-us-central1","object":"getNextSaleNumber/function-source.zip","generation":"1779779926968092"}},"dockerRegistry":"ARTIFACT_REGISTRY","serviceAccount":"projects/ayrsteel-2026/serviceAccounts/810582164122-compute@developer.gserviceaccount.com","automaticUpdatePolicy":{}},"serviceConfig":{"service":"projects/ayrsteel-2026/locations/us-central1/services/getnextsalenumber","timeoutSeconds":60,"environmentVariables":{"FIREBASE_CONFIG":"{\"projectId\":\"ayrsteel-2026\",\"storageBucket\":\"ayrsteel-2026.firebasestorage.app\"}","GCLOUD_PROJECT":"ayrsteel-2026","EVENTARC_CLOUD_EVENT_SOURCE":"projects/ayrsteel-2026/locations/REGION_TBD/services/getNextSaleNumber","FUNCTION_TARGET":"getNextSaleNumber","LOG_EXECUTION_ID":"true"},"maxInstanceCount":10,"ingressSettings":"ALLOW_ALL","uri":"https://getnextsalenumber-5jfki4lnna-uc.a.run.app","serviceAccountEmail":"810582164122-compute@developer.gserviceaccount.com","availableMemory":"256Mi","allTrafficOnLatestRevision":true,"revision":"getnextsalenumber-00001-kav","maxInstanceRequestConcurrency":80,"availableCpu":"1"},"state":"ACTIVE","updateTime":"2026-05-26T07:18:47.328621518Z","labels":{"deployment-tool":"cli-firebase","deployment-callable":"true","firebase-functions-hash":"587659e5f5ba7321f99eb25a24ffaa203e30fa16"},"environment":"GEN_2","url":"https://us-central1-ayrsteel-2026.cloudfunctions.net/getNextSaleNumber","createTime":"2026-05-26T07:18:47.328621518Z","satisfiesPzi":true}}
[debug] [2026-05-26T07:20:16.149Z] Got source token Cldwcm9qZWN0cy84MTA1ODIxNjQxMjIvbG9jYXRpb25zL3VzLWNlbnRyYWwxL2J1aWxkcy81ZmRkNGUwMS04MzIwLTQ2NzktOGVlOC1jYjg5ZjJmYzc4NWESc3VzLWNlbnRyYWwxLWRvY2tlci5wa2cuZGV2L2F5cnN0ZWVsLTIwMjYvZ2NmLWFydGlmYWN0cy9heXJzdGVlbC0tMjAyNl9fdXMtLWNlbnRyYWwxX19nZXRfbmV4dF9zYWxlX251bWJlcjp2ZXJzaW9uXzEYmoXZ08sXIkhwcm9qZWN0cy9heXJzdGVlbC0yMDI2L2xvY2F0aW9ucy91cy1jZW50cmFsMS9mdW5jdGlvbnMvZ2V0TmV4dFNhbGVOdW1iZXIqCwiQk9XQBhDInsJhMghub2RlanMyNDp2CiNnY3IuaW8vZ2FlLXJ1bnRpbWVzL25vZGVqczI0OnN0YWJsZRJPdXMtY2VudHJhbDEtZG9ja2VyLnBrZy5kZXYvc2VydmVybGVzcy1ydW50aW1lcy9nb29nbGUtMjQtZnVsbC9ydW50aW1lcy9ub2RlanMyNEAB for region us-central1
[debug] [2026-05-26T07:20:16.150Z] Checked if tokens are valid: true, expires at: 1779783468534
[debug] [2026-05-26T07:20:16.150Z] Checked if tokens are valid: true, expires at: 1779783468534
[debug] [2026-05-26T07:20:16.150Z] >>> [apiv2][query] POST https://run.googleapis.com/v1/projects/ayrsteel-2026/locations/us-central1/services/getnextsalenumber:setIamPolicy [none]
[debug] [2026-05-26T07:20:16.150Z] >>> [apiv2][body] POST https://run.googleapis.com/v1/projects/ayrsteel-2026/locations/us-central1/services/getnextsalenumber:setIamPolicy {"policy":{"bindings":[{"role":"roles/run.invoker","members":["allUsers"]}],"etag":"","version":3},"updateMask":"bindings,etag,version"}
[debug] [2026-05-26T07:20:17.438Z] <<< [apiv2][status] POST https://run.googleapis.com/v1/projects/ayrsteel-2026/locations/us-central1/services/getnextsalenumber:setIamPolicy 200
[debug] [2026-05-26T07:20:17.438Z] <<< [apiv2][body] POST https://run.googleapis.com/v1/projects/ayrsteel-2026/locations/us-central1/services/getnextsalenumber:setIamPolicy {"version":1,"etag":"BwZSs1O35BA=","bindings":[{"role":"roles/run.invoker","members":["allUsers"]}]}
[info] +  functions[getNextSaleNumber(us-central1)] Successful create operation. 
[warn] !  functions: Deploys failed. Skipping deletes. 
[debug] [2026-05-26T07:20:17.441Z] Total Function Deployment time: 92456
[debug] [2026-05-26T07:20:17.441Z] 2 Functions Deployed
[debug] [2026-05-26T07:20:17.441Z] 1 Functions Errored
[debug] [2026-05-26T07:20:17.441Z] 0 Function Deployments Aborted
[debug] [2026-05-26T07:20:17.441Z] Average Function Deployment time: 89045.5
[info] 
[info] Functions deploy had errors with the following functions:
	onSaleCreated(us-central1)
[debug] [2026-05-26T07:20:17.445Z] Checked if tokens are valid: true, expires at: 1779783468534
[debug] [2026-05-26T07:20:17.445Z] Checked if tokens are valid: true, expires at: 1779783468534
[debug] [2026-05-26T07:20:17.445Z] >>> [apiv2][query] GET https://artifactregistry.googleapis.com/v1/projects/ayrsteel-2026/locations/us-central1/repositories/gcf-artifacts [none]
[debug] [2026-05-26T07:20:18.584Z] <<< [apiv2][status] GET https://artifactregistry.googleapis.com/v1/projects/ayrsteel-2026/locations/us-central1/repositories/gcf-artifacts 200
[debug] [2026-05-26T07:20:18.584Z] <<< [apiv2][body] GET https://artifactregistry.googleapis.com/v1/projects/ayrsteel-2026/locations/us-central1/repositories/gcf-artifacts {"name":"projects/ayrsteel-2026/locations/us-central1/repositories/gcf-artifacts","format":"DOCKER","description":"This repository is created and used by Cloud Functions for storing function docker images.","labels":{"goog-managed-by":"cloudfunctions"},"createTime":"2026-03-19T22:08:52.690563Z","updateTime":"2026-05-26T07:19:40.283536Z","mode":"STANDARD_REPOSITORY","sizeBytes":"271606633","vulnerabilityScanningConfig":{"lastEnableTime":"2026-03-19T22:08:43.476914168Z","enablementState":"SCANNING_DISABLED","enablementStateReason":"API containerscanning.googleapis.com is not enabled."},"satisfiesPzi":true,"registryUri":"us-central1-docker.pkg.dev/ayrsteel-2026/gcf-artifacts"}
[warn] !  functions: No cleanup policy detected for repositories in us-central1. This may result in a small monthly bill as container images accumulate over time. 
[info] i  functions: Configuring cleanup policy for repository in us-central1. Images older than 1 days will be automatically deleted. 
[debug] [2026-05-26T07:23:08.525Z] Setting up artifact cleanup policy for region us-central1
[debug] [2026-05-26T07:23:08.526Z] Checked if tokens are valid: true, expires at: 1779783468534
[debug] [2026-05-26T07:23:08.526Z] Checked if tokens are valid: true, expires at: 1779783468534
[debug] [2026-05-26T07:23:08.526Z] >>> [apiv2][query] PATCH https://artifactregistry.googleapis.com/v1/projects/ayrsteel-2026/locations/us-central1/repositories/gcf-artifacts updateMask=name%2CcleanupPolicies%2CcleanupPolicyDryRun%2Clabels
[debug] [2026-05-26T07:23:08.526Z] >>> [apiv2][body] PATCH https://artifactregistry.googleapis.com/v1/projects/ayrsteel-2026/locations/us-central1/repositories/gcf-artifacts {"name":"projects/ayrsteel-2026/locations/us-central1/repositories/gcf-artifacts","cleanupPolicies":{"firebase-functions-cleanup":{"id":"firebase-functions-cleanup","condition":{"tagState":"ANY","olderThan":"86400s"},"action":"DELETE"}},"cleanupPolicyDryRun":false,"labels":{"goog-managed-by":"cloudfunctions"}}
[debug] [2026-05-26T07:23:09.809Z] <<< [apiv2][status] PATCH https://artifactregistry.googleapis.com/v1/projects/ayrsteel-2026/locations/us-central1/repositories/gcf-artifacts 200
[debug] [2026-05-26T07:23:09.809Z] <<< [apiv2][body] PATCH https://artifactregistry.googleapis.com/v1/projects/ayrsteel-2026/locations/us-central1/repositories/gcf-artifacts {"name":"projects/ayrsteel-2026/locations/us-central1/repositories/gcf-artifacts","format":"DOCKER","description":"This repository is created and used by Cloud Functions for storing function docker images.","labels":{"goog-managed-by":"cloudfunctions"},"createTime":"2026-03-19T22:08:52.690563Z","updateTime":"2026-05-26T07:23:09.764507Z","mode":"STANDARD_REPOSITORY","cleanupPolicies":{"firebase-functions-cleanup":{"id":"firebase-functions-cleanup","action":"DELETE","condition":{"tagState":"ANY","olderThan":"86400s"}}},"vulnerabilityScanningConfig":{"lastEnableTime":"2026-03-19T22:08:43.476914168Z","enablementState":"SCANNING_DISABLED","enablementStateReason":"API containerscanning.googleapis.com is not enabled."},"satisfiesPzi":true}
[info] i  functions: Configured cleanup policy for repository in us-central1. 
[debug] [2026-05-26T07:23:09.809Z] Functions deploy failed.
[debug] [2026-05-26T07:23:09.809Z] {
  "endpoint": {
    "id": "onSaleCreated",
    "project": "ayrsteel-2026",
    "region": "us-central1",
    "entryPoint": "onSaleCreated",
    "platform": "gcfv2",
    "runtime": "nodejs24",
    "eventTrigger": {
      "eventType": "google.cloud.firestore.document.v1.created",
      "retry": false,
      "eventFilters": {
        "database": "(default)",
        "namespace": "(default)"
      },
      "eventFilterPathPatterns": {
        "document": "sales/{saleId}"
      },
      "region": "nam5"
    },
    "labels": {
      "deployment-tool": "cli-firebase"
    },
    "serviceAccount": null,
    "ingressSettings": null,
    "availableMemoryMb": null,
    "timeoutSeconds": null,
    "maxInstances": 10,
    "minInstances": null,
    "concurrency": 80,
    "vpc": null,
    "environmentVariables": {
      "FIREBASE_CONFIG": "{\"projectId\":\"ayrsteel-2026\",\"storageBucket\":\"ayrsteel-2026.firebasestorage.app\"}",
      "GCLOUD_PROJECT": "ayrsteel-2026",
      "EVENTARC_CLOUD_EVENT_SOURCE": "projects/ayrsteel-2026/locations/REGION_TBD/services/onSaleCreated"
    },
    "codebase": "default",
    "cpu": 1,
    "targetedByOnly": false,
    "hash": "587659e5f5ba7321f99eb25a24ffaa203e30fa16"
  },
  "op": "create",
  "original": {
    "name": "FirebaseError",
    "children": [],
    "context": {
      "function": "projects/ayrsteel-2026/locations/us-central1/functions/onSaleCreated"
    },
    "exit": 1,
    "message": "Failed to create function projects/ayrsteel-2026/locations/us-central1/functions/onSaleCreated",
    "original": {
      "name": "FirebaseError",
      "children": [],
      "context": {
        "body": {
          "error": {
            "code": 400,
            "message": "Validation failed for trigger projects/ayrsteel-2026/locations/nam5/triggers/onsalecreated-357981: Invalid resource state for \"\": Permission denied while using the Eventarc Service Agent. If you recently started to use Eventarc, it may take a few minutes before all necessary permissions are propagated to the Service Agent. Otherwise, verify that it has Eventarc Service Agent role.",
            "status": "FAILED_PRECONDITION"
          }
        },
        "response": {
          "statusCode": 400
        }
      },
      "exit": 1,
      "message": "Request to https://cloudfunctions.googleapis.com/v2/projects/ayrsteel-2026/locations/us-central1/functions?functionId=onSaleCreated had HTTP Error: 400, Validation failed for trigger projects/ayrsteel-2026/locations/nam5/triggers/onsalecreated-357981: Invalid resource state for \"\": Permission denied while using the Eventarc Service Agent. If you recently started to use Eventarc, it may take a few minutes before all necessary permissions are propagated to the Service Agent. Otherwise, verify that it has Eventarc Service Agent role.",
      "status": 400
    },
    "status": 400,
    "code": 400
  }
}
[debug] [2026-05-26T07:23:09.811Z] Error: Failed to create function onSaleCreated in region us-central1
    at C:\Users\win11\AppData\Roaming\npm\node_modules\firebase-tools\lib\deploy\functions\release\fabricator.js:332:27
    at process.processTicksAndRejections (node:internal/process/task_queues:104:5)
    at async Fabricator.createV2Function (C:\Users\win11\AppData\Roaming\npm\node_modules\firebase-tools\lib\deploy\functions\release\fabricator.js:311:30)
    at async Fabricator.createEndpoint (C:\Users\win11\AppData\Roaming\npm\node_modules\firebase-tools\lib\deploy\functions\release\fabricator.js:153:13)
    at async Fabricator.wrapOperation (C:\Users\win11\AppData\Roaming\npm\node_modules\firebase-tools\lib\deploy\functions\release\fabricator.js:138:13)
    at async Promise.all (index 1)
    at async Promise.allSettled (index 0)
    at async Fabricator.applyPlan (C:\Users\win11\AppData\Roaming\npm\node_modules\firebase-tools\lib\deploy\functions\release\fabricator.js:77:45)
    at async release (C:\Users\win11\AppData\Roaming\npm\node_modules\firebase-tools\lib\deploy\functions\release\index.js:87:21)
    at async chain (C:\Users\win11\AppData\Roaming\npm\node_modules\firebase-tools\lib\deploy\index.js:45:9)
[error] 
[error] Error: There was an error deploying functions
